datetime,open,high,low,close,volume
2011-01-01 00:00:00+00:00,0.0,0.0,0.0,0.0,0.0
2016-04-16 00:00:00+00:00,381.5,381.5,381.47,381.47,0.09
2016-04-17 00:00:00+00:00,381.47,381.47,377.87,377.87,0.04
2016-04-18 00:00:00+00:00,377.87,377.87,377.87,377.87,0.0
2016-04-19 00:00:00+00:00,377.87,378.98,377.87,378.98,0.0798828
2016-04-20 00:00:00+00:00,378.98,378.98,378.98,378.98,0.0
2016-04-21 00:00:00+00:00,378.98,378.98,378.98,378.98,0.0
2016-04-22 00:00:00+00:00,378.98,378.98,378.98,378.98,0.0
2016-04-23 00:00:00+00:00,378.98,378.98,378.98,378.98,0.0
2016-04-24 00:00:00+00:00,378.98,378.98,378.98,378.98,0.0
2016-04-25 00:00:00+00:00,378.98,406.0,378.98,406.0,0.1
2016-04-26 00:00:00+00:00,406.0,418.0,406.0,414.87,602.31474728
2016-04-27 00:00:00+00:00,414.87,415.11,393.15,395.08,471.13884637
2016-04-28 00:00:00+00:00,395.08,397.99,387.91,395.6,414.21000171
2016-04-29 00:00:00+00:00,395.6,400.0,393.57,398.99,287.43674377
2016-04-30 00:00:00+00:00,398.99,398.99,393.0,393.81,102.59827621
2016-05-01 00:00:00+00:00,393.81,396.4,393.0,395.83,69.66738645
2016-05-02 00:00:00+00:00,395.83,396.3,382.19,385.77,487.36418729
2016-05-03 00:00:00+00:00,385.77,393.0,382.83,393.0,487.87278473
2016-05-04 00:00:00+00:00,393.0,393.0,386.0,390.33,550.08969154
2016-05-05 00:00:00+00:00,390.33,394.76,390.33,394.08,358.65283672
2016-05-06 00:00:00+00:00,394.08,406.45,393.3,403.14,398.69505497
2016-05-07 00:00:00+00:00,403.14,404.95,401.55,403.1,222.89376526
2016-05-08 00:00:00+00:00,403.1,404.75,400.55,403.45,127.73461031
2016-05-09 00:00:00+00:00,403.45,408.33,400.1,405.86,456.07968277
2016-05-10 00:00:00+00:00,405.86,407.07,394.78,398.01,693.8255729
2016-05-11 00:00:00+00:00,398.01,401.14,395.97,397.5,714.76516072
2016-05-12 00:00:00+00:00,397.5,400.0,393.33,400.0,781.49888183
2016-05-13 00:00:00+00:00,400.0,404.87,397.81,403.91,464.75891233
2016-05-14 00:00:00+00:00,403.91,404.21,401.97,403.29,173.50860747
2016-05-15 00:00:00+00:00,403.29,406.0,401.77,404.8,237.68535885
2016-05-16 00:00:00+00:00,404.8,404.98,399.8,401.15,583.87694938
2016-05-17 00:00:00+00:00,401.1,402.99,400.39,401.72,616.03293525
2016-05-18 00:00:00+00:00,401.72,403.99,400.76,402.05,638.53344883
2016-05-19 00:00:00+00:00,402.05,403.98,388.54,390.25,1073.71006061
2016-05-20 00:00:00+00:00,390.25,397.48,380.0,395.25,719.91572595
2016-05-21 00:00:00+00:00,395.25,396.58,392.0,394.99,283.22778472
2016-05-22 00:00:00+00:00,394.99,395.38,388.6,391.59,261.47384369
2016-05-23 00:00:00+00:00,391.59,394.13,386.0,393.47,617.55253644
2016-05-24 00:00:00+00:00,393.47,400.0,390.5,399.94,563.35403401
2016-05-25 00:00:00+00:00,399.94,403.9,398.52,402.12,511.94095374
2016-05-26 00:00:00+00:00,402.12,403.0,400.11,403.0,741.1189674
2016-05-27 00:00:00+00:00,403.0,434.77,403.0,424.92,968.1148132
2016-05-28 00:00:00+00:00,424.92,480.0,410.0,450.11,962.93705036
2016-05-29 00:00:00+00:00,450.11,485.01,450.0,454.47,1022.45483203
2016-05-30 00:00:00+00:00,452.52,485.0,452.11,476.89,775.00884403
2016-05-31 00:00:00+00:00,476.89,490.0,465.21,474.0,1211.99508115
2016-06-01 00:00:00+00:00,474.0,485.0,471.72,480.98,546.93726819
2016-06-02 00:00:00+00:00,480.98,480.99,475.33,479.72,474.30754285
2016-06-03 00:00:00+00:00,479.72,502.0,477.83,496.2,1117.3504056
2016-06-04 00:00:00+00:00,496.2,512.0,490.0,502.46,326.5985341
2016-06-05 00:00:00+00:00,502.46,510.13,496.93,505.98,214.99478027
2016-06-06 00:00:00+00:00,505.98,515.0,501.85,511.68,402.85040418
2016-06-07 00:00:00+00:00,511.68,520.0,492.02,505.04,653.92576001
2016-06-08 00:00:00+00:00,505.04,515.0,502.64,513.0,561.07721712
2016-06-09 00:00:00+00:00,513.0,514.87,505.9,509.2,331.57998613
2016-06-10 00:00:00+00:00,509.2,516.33,506.54,515.0,430.9218375
2016-06-11 00:00:00+00:00,515.0,544.99,514.8,541.15,929.18766703
2016-06-12 00:00:00+00:00,541.15,609.0,520.0,597.12,1839.15020617
2016-06-13 00:00:00+00:00,597.12,641.0,592.48,623.68,1471.50021369
2016-06-14 00:00:00+00:00,623.7,625.0,595.0,616.99,1263.01335689
2016-06-15 00:00:00+00:00,616.99,619.94,602.0,617.05,690.31310016
2016-06-16 00:00:00+00:00,617.05,690.51,617.05,683.04,1667.63773047
2016-06-17 00:00:00+00:00,683.04,690.36,635.0,669.53,1948.46044483
2016-06-18 00:00:00+00:00,669.53,697.97,659.34,675.21,1111.1298876
2016-06-19 00:00:00+00:00,675.21,685.29,660.05,679.99,357.5290958
2016-06-20 00:00:00+00:00,679.99,679.99,640.0,651.61,783.88164494
2016-06-21 00:00:00+00:00,651.61,654.56,558.0,590.81,1983.6808898
2016-06-22 00:00:00+00:00,590.12,604.22,523.01,537.17,1103.63954863
2016-06-23 00:00:00+00:00,530.05,561.09,490.0,551.97,1896.68815923
2016-06-24 00:00:00+00:00,552.81,629.97,550.74,598.93,1636.6004351
2016-06-25 00:00:00+00:00,598.93,625.84,580.0,603.69,643.30766543
2016-06-26 00:00:00+00:00,603.69,610.0,560.0,567.53,325.65399231
2016-06-27 00:00:00+00:00,567.53,600.0,560.0,600.0,525.43392127
2016-06-28 00:00:00+00:00,601.0,609.82,581.0,588.93,500.98008423
2016-06-29 00:00:00+00:00,587.44,587.44,566.3,575.9,506.00940722
2016-06-30 00:00:00+00:00,575.9,609.87,572.51,606.79,887.77706059
2016-07-01 00:00:00+00:00,606.79,618.99,600.0,613.07,498.57627165
2016-07-02 00:00:00+00:00,613.07,630.03,604.74,627.6,303.15875423
2016-07-03 00:00:00+00:00,629.0,629.82,582.5,594.11,404.9166374
2016-07-04 00:00:00+00:00,594.11,617.0,584.0,615.79,474.78301905
2016-07-05 00:00:00+00:00,615.79,615.79,599.7,609.98,394.76717346
2016-07-06 00:00:00+00:00,609.98,617.0,600.64,611.98,538.02365706
2016-07-07 00:00:00+00:00,611.98,613.0,551.0,580.57,1002.50279747
2016-07-08 00:00:00+00:00,580.57,605.55,577.6,602.65,454.01661332
2016-07-09 00:00:00+00:00,602.65,605.0,571.1,593.71,423.40305588
2016-07-10 00:00:00+00:00,593.71,594.79,582.37,587.9,167.06473944
2016-07-11 00:00:00+00:00,587.9,596.0,584.22,591.0,242.9132626
2016-07-12 00:00:00+00:00,591.0,613.52,584.22,601.99,586.74514793
2016-07-13 00:00:00+00:00,601.99,607.57,591.98,591.98,409.38447183
2016-07-14 00:00:00+00:00,591.98,600.99,590.21,598.67,312.94653007
2016-07-15 00:00:00+00:00,598.67,607.1,595.25,605.7,377.53530585
2016-07-16 00:00:00+00:00,605.7,606.0,598.5,601.03,116.15619809
2016-07-17 00:00:00+00:00,601.03,621.55,601.03,614.0,297.65737237
2016-07-18 00:00:00+00:00,614.0,617.79,605.78,611.18,385.1416908
2016-07-19 00:00:00+00:00,611.18,613.62,607.02,613.21,360.49406847
2016-07-20 00:00:00+00:00,613.21,614.41,602.77,606.0,387.97375068
2016-07-21 00:00:00+00:00,606.0,607.54,599.51,602.67,354.69003462
2016-07-22 00:00:00+00:00,602.67,605.0,590.0,596.02,460.99928843
2016-07-23 00:00:00+00:00,596.02,603.99,592.23,599.99,191.1691281
2016-07-24 00:00:00+00:00,599.99,603.3,594.47,600.07,232.30822908
2016-07-25 00:00:00+00:00,600.07,603.3,593.07,593.99,316.75565196
2016-07-26 00:00:00+00:00,593.99,596.99,584.49,590.0,637.7304447
2016-07-27 00:00:00+00:00,590.0,600.0,588.54,590.29,484.82791888
2016-07-28 00:00:00+00:00,590.29,595.87,588.16,592.97,209.03963035
2016-07-29 00:00:00+00:00,592.97,593.99,587.23,588.9,243.15908699
2016-07-30 00:00:00+00:00,588.9,588.99,582.72,587.18,158.06742641
2016-07-31 00:00:00+00:00,587.18,587.18,555.0,555.93,561.99106218
2016-08-01 00:00:00+00:00,558.36,563.23,535.35,540.59,790.56075255
2016-08-02 00:00:00+00:00,540.59,545.91,424.0,478.65,1650.86393396
2016-08-03 00:00:00+00:00,479.91,520.0,467.28,514.0,1123.39763899
2016-08-04 00:00:00+00:00,514.0,534.7,498.6,523.43,745.25910036
2016-08-05 00:00:00+00:00,523.43,524.92,512.75,523.57,418.61057057
2016-08-06 00:00:00+00:00,523.57,534.94,513.01,532.0,348.89376097
2016-08-07 00:00:00+00:00,532.0,543.9,530.01,537.99,153.43954095
2016-08-08 00:00:00+00:00,537.99,543.0,529.83,535.0,460.7861729
2016-08-09 00:00:00+00:00,535.0,538.55,525.7,526.84,472.64975647
2016-08-10 00:00:00+00:00,526.84,539.0,525.3,533.35,397.27705797
2016-08-11 00:00:00+00:00,533.35,538.0,526.75,530.46,372.29543005
2016-08-12 00:00:00+00:00,530.46,532.33,524.05,524.62,196.37386875
2016-08-13 00:00:00+00:00,524.62,528.99,522.04,525.0,152.39267944
2016-08-14 00:00:00+00:00,525.0,525.5,505.89,510.0,347.67068843
2016-08-15 00:00:00+00:00,510.0,514.0,502.0,509.53,411.38452309
2016-08-16 00:00:00+00:00,509.53,519.99,503.18,514.01,431.12598203
2016-08-17 00:00:00+00:00,514.01,518.17,505.16,509.94,398.94963898
2016-08-18 00:00:00+00:00,508.01,510.91,506.0,508.4,274.17902347
2016-08-19 00:00:00+00:00,508.4,513.7,505.3,509.96,299.49833455
2016-08-20 00:00:00+00:00,509.96,516.16,506.35,516.16,238.9759048
2016-08-21 00:00:00+00:00,516.16,516.6,510.56,510.78,90.55386226
2016-08-22 00:00:00+00:00,515.0,520.41,511.64,516.12,339.80258925
2016-08-23 00:00:00+00:00,516.12,522.21,513.16,514.99,382.35479474
2016-08-24 00:00:00+00:00,514.99,519.4,512.51,515.33,375.39859043
2016-08-25 00:00:00+00:00,515.33,515.33,506.88,511.02,336.50669497
2016-08-26 00:00:00+00:00,511.02,518.36,510.0,516.99,361.47718094
2016-08-27 00:00:00+00:00,516.99,516.99,506.82,509.96,133.00954003
2016-08-28 00:00:00+00:00,509.96,514.71,506.99,512.98,114.63389127
2016-08-29 00:00:00+00:00,512.98,514.5,508.48,512.45,430.38658003
2016-08-30 00:00:00+00:00,512.45,517.99,510.0,517.99,311.84047286
2016-08-31 00:00:00+00:00,517.99,517.99,510.33,513.98,355.43824802
2016-09-01 00:00:00+00:00,513.98,513.98,507.19,510.99,259.734372
2016-09-02 00:00:00+00:00,510.99,515.2,506.81,513.26,326.34922815
2016-09-03 00:00:00+00:00,513.26,537.0,510.89,532.04,375.29969422
2016-09-04 00:00:00+00:00,532.04,545.0,530.69,539.55,155.45681762
2016-09-05 00:00:00+00:00,539.55,540.0,520.0,539.91,362.39974191
2016-09-06 00:00:00+00:00,539.91,548.64,530.14,539.04,395.25606384
2016-09-07 00:00:00+00:00,542.8,548.6,536.94,546.03,387.56456382
2016-09-08 00:00:00+00:00,546.03,559.0,544.21,555.99,423.00199675
2016-09-09 00:00:00+00:00,555.99,555.99,548.23,553.0,271.04526659
2016-09-10 00:00:00+00:00,553.0,558.0,552.64,556.91,120.4237064
2016-09-11 00:00:00+00:00,556.91,558.91,530.05,541.29,377.30832999
2016-09-12 00:00:00+00:00,541.29,543.99,535.12,543.28,332.37623644
2016-09-13 00:00:00+00:00,543.28,546.0,539.04,542.0,340.78744027
2016-09-14 00:00:00+00:00,542.0,544.99,541.95,543.98,217.61488928
2016-09-15 00:00:00+00:00,543.98,544.99,539.0,542.98,308.76986717
2016-09-16 00:00:00+00:00,542.98,544.85,539.41,544.79,195.62067287
2016-09-17 00:00:00+00:00,544.79,544.79,539.7,544.5,114.63160856
2016-09-18 00:00:00+00:00,544.5,548.31,541.8,542.66,173.25912449
2016-09-19 00:00:00+00:00,542.66,545.99,540.13,544.96,184.22327292
2016-09-20 00:00:00+00:00,544.96,545.5,536.0,539.01,364.38811821
2016-09-21 00:00:00+00:00,536.02,540.33,531.27,533.99,482.51985547
2016-09-22 00:00:00+00:00,533.99,534.44,530.0,530.06,322.25219513
2016-09-23 00:00:00+00:00,530.06,539.16,530.06,535.75,245.5976354
2016-09-24 00:00:00+00:00,535.75,541.87,535.75,539.49,143.33243964
2016-09-25 00:00:00+00:00,539.49,539.5,533.37,536.0,134.523189
2016-09-26 00:00:00+00:00,536.0,540.0,533.46,540.0,457.92979628
2016-09-27 00:00:00+00:00,538.01,541.86,537.3,541.4,528.78346294
2016-09-28 00:00:00+00:00,541.4,543.99,538.0,540.0,316.0397691
2016-09-29 00:00:00+00:00,540.0,543.98,537.84,540.0,292.16988038
2016-09-30 00:00:00+00:00,540.0,550.0,540.0,545.99,456.20076036
2016-10-01 00:00:00+00:00,545.99,551.75,544.21,549.8,221.97715814
2016-10-02 00:00:00+00:00,549.8,552.0,542.37,543.94,359.20646982
2016-10-03 00:00:00+00:00,543.94,551.0,543.65,547.9,289.96019799
2016-10-04 00:00:00+00:00,547.9,551.99,544.37,546.99,493.23954614
2016-10-05 00:00:00+00:00,546.99,554.99,544.0,550.86,406.787544
2016-10-06 00:00:00+00:00,550.86,554.97,547.11,549.03,433.86203284
2016-10-07 00:00:00+00:00,549.03,562.0,549.03,553.2,500.22940309
2016-10-08 00:00:00+00:00,553.2,560.42,552.89,556.0,212.57468404
2016-10-09 00:00:00+00:00,556.0,557.51,551.18,553.97,63.92147923
2016-10-10 00:00:00+00:00,553.97,558.5,553.0,558.4,392.0741979
2016-10-11 00:00:00+00:00,558.4,580.0,556.2,579.99,772.60041413
2016-10-12 00:00:00+00:00,579.99,583.82,574.2,581.6,402.84913387
2016-10-13 00:00:00+00:00,581.6,581.6,571.92,575.99,488.75081334
2016-10-14 00:00:00+00:00,575.99,588.0,572.61,584.0,591.25561196
2016-10-15 00:00:00+00:00,584.0,588.0,580.47,580.47,258.14929715
2016-10-16 00:00:00+00:00,580.47,587.95,580.47,583.0,189.62161224
2016-10-17 00:00:00+00:00,583.0,586.94,580.0,580.0,370.87019782
2016-10-18 00:00:00+00:00,580.0,589.28,576.09,583.49,556.43395051
2016-10-19 00:00:00+00:00,583.49,583.69,572.32,576.4,357.15696703
2016-10-20 00:00:00+00:00,576.4,580.0,572.48,580.0,469.26440167
2016-10-21 00:00:00+00:00,580.0,584.0,576.78,579.01,362.77656293
2016-10-22 00:00:00+00:00,579.01,616.2,579.01,603.97,767.98954472
2016-10-23 00:00:00+00:00,603.97,605.99,598.01,599.02,200.41404243
2016-10-24 00:00:00+00:00,599.02,601.99,595.0,600.0,401.24905585
2016-10-25 00:00:00+00:00,600.0,609.0,595.06,602.87,685.14197721
2016-10-26 00:00:00+00:00,602.87,626.56,601.13,621.98,492.87018035
2016-10-27 00:00:00+00:00,621.98,633.53,616.63,629.5,672.70554527
2016-10-28 00:00:00+00:00,629.5,632.87,622.93,626.77,474.06292962
2016-10-29 00:00:00+00:00,626.77,654.71,626.77,643.0,736.99592031
2016-10-30 00:00:00+00:00,643.0,643.0,630.0,630.0,291.07230602
2016-10-31 00:00:00+00:00,630.0,640.0,622.6,633.36,359.30449735
2016-11-01 00:00:00+00:00,633.36,659.5,631.31,653.0,394.60658689
2016-11-02 00:00:00+00:00,653.0,671.13,647.0,671.13,680.0001662
2016-11-03 00:00:00+00:00,671.13,675.0,610.0,622.0,1282.28872195
2016-11-04 00:00:00+00:00,622.0,645.5,616.09,635.0,813.19180312
2016-11-05 00:00:00+00:00,635.0,638.0,628.0,633.99,154.75268373
2016-11-06 00:00:00+00:00,633.99,645.0,628.66,642.69,435.14921033
2016-11-07 00:00:00+00:00,642.69,642.69,632.73,639.87,483.98846152
2016-11-08 00:00:00+00:00,639.87,647.03,633.3,640.99,1405.56745379
2016-11-09 00:00:00+00:00,640.99,668.42,637.16,660.73,1649.45736739
2016-11-10 00:00:00+00:00,660.73,660.9,650.36,656.25,489.17585523
2016-11-11 00:00:00+00:00,656.25,670.66,654.01,661.09,1046.64948108
2016-11-12 00:00:00+00:00,660.33,662.0,646.04,651.0,529.29125774
2016-11-13 00:00:00+00:00,651.0,651.0,632.51,645.2,801.65839304
2016-11-14 00:00:00+00:00,645.2,659.8,645.2,655.91,906.89810581
2016-11-15 00:00:00+00:00,655.91,672.51,652.01,661.97,1123.22234671
2016-11-16 00:00:00+00:00,661.97,693.99,658.29,685.04,1163.87086138
2016-11-17 00:00:00+00:00,685.04,699.5,677.03,692.5,352.71187152
2016-11-18 00:00:00+00:00,692.5,709.98,686.55,703.44,666.24721909
2016-11-19 00:00:00+00:00,703.44,710.0,699.9,704.82,191.23835587
2016-11-20 00:00:00+00:00,704.82,710.0,665.0,686.0,551.4008181
2016-11-21 00:00:00+00:00,686.0,697.46,669.74,696.51,711.36494549
2016-11-22 00:00:00+00:00,696.51,709.99,691.0,705.24,742.45171806
2016-11-23 00:00:00+00:00,705.24,709.98,691.4,703.49,608.32837785
2016-11-24 00:00:00+00:00,703.49,707.95,695.86,701.99,744.6277682
2016-11-25 00:00:00+00:00,701.99,701.99,693.5,700.0,642.38404516
2016-11-26 00:00:00+00:00,700.0,701.0,690.0,695.48,368.02943295
2016-11-27 00:00:00+00:00,695.48,700.0,690.0,691.5,175.63761568
2016-11-28 00:00:00+00:00,691.5,696.98,689.0,694.46,509.28497689
2016-11-29 00:00:00+00:00,694.46,699.43,690.4,690.75,548.70829566
2016-11-30 00:00:00+00:00,690.75,703.28,690.75,698.02,503.24878515
2016-12-01 00:00:00+00:00,698.02,711.9,698.02,707.7,382.39661512
2016-12-02 00:00:00+00:00,707.7,735.86,707.7,727.08,844.47092527
2016-12-03 00:00:00+00:00,727.08,730.0,714.44,720.37,234.22243488
2016-12-04 00:00:00+00:00,720.37,730.0,717.45,729.99,507.39372408
2016-12-05 00:00:00+00:00,729.99,730.0,703.11,705.0,864.85480357
2016-12-06 00:00:00+00:00,705.63,715.0,701.0,712.24,599.66289249
2016-12-07 00:00:00+00:00,712.24,723.2,709.36,718.32,322.17330988
2016-12-08 00:00:00+00:00,718.32,733.0,713.54,728.61,455.20614036
2016-12-09 00:00:00+00:00,728.61,738.88,725.03,732.99,398.91131361
2016-12-10 00:00:00+00:00,732.99,740.75,732.02,738.55,278.75104973
2016-12-11 00:00:00+00:00,738.55,738.55,725.04,734.61,251.01697658
2016-12-12 00:00:00+00:00,734.61,744.0,732.0,737.99,354.06510965
2016-12-13 00:00:00+00:00,737.99,744.9,728.95,739.94,599.84113806
2016-12-14 00:00:00+00:00,739.94,741.3,732.5,738.13,629.80467358
2016-12-15 00:00:00+00:00,739.9,755.87,738.1,749.0,430.11406846
2016-12-16 00:00:00+00:00,749.0,754.99,745.69,752.99,557.86873894
2016-12-17 00:00:00+00:00,752.99,762.26,750.01,759.51,357.70998203
2016-12-18 00:00:00+00:00,759.51,761.9,754.31,756.0,149.22360428
2016-12-19 00:00:00+00:00,756.0,766.63,756.0,764.06,336.07666532
2016-12-20 00:00:00+00:00,764.06,779.95,758.02,779.94,615.78878504
2016-12-21 00:00:00+00:00,779.94,802.0,771.0,802.0,876.41910959
2016-12-22 00:00:00+00:00,802.0,858.96,786.01,826.03,1335.29514759
2016-12-23 00:00:00+00:00,826.03,884.34,825.0,880.0,1141.33701168
2016-12-24 00:00:00+00:00,880.0,882.96,850.0,857.8,295.62783882
2016-12-25 00:00:00+00:00,857.8,861.15,812.99,856.0,503.57655209
2016-12-26 00:00:00+00:00,856.0,870.0,846.61,863.0,291.24799132
2016-12-27 00:00:00+00:00,863.0,899.0,855.03,882.17,604.62246944
2016-12-28 00:00:00+00:00,882.17,940.0,882.0,937.05,982.95359605
2016-12-29 00:00:00+00:00,937.05,943.0,912.1,925.01,690.30842104
2016-12-30 00:00:00+00:00,925.01,925.01,880.66,914.99,830.16403022
2016-12-31 00:00:00+00:00,914.99,916.99,899.46,916.99,188.78725035
2017-01-01 00:00:00+00:00,916.99,952.26,908.92,948.79,368.77450792
2017-01-02 00:00:00+00:00,948.79,984.23,945.17,972.0,394.03774571
2017-01-03 00:00:00+00:00,968.51,993.06,964.0,993.02,744.75765985
2017-01-04 00:00:00+00:00,993.02,1090.0,960.0,1071.5,2004.78532778
2017-01-05 00:00:00+00:00,1071.5,1080.5,841.77,959.59,2442.37548824
2017-01-06 00:00:00+00:00,959.59,979.59,830.0,860.58,1578.46164914
2017-01-07 00:00:00+00:00,860.58,865.88,770.0,857.05,1368.83339909
2017-01-08 00:00:00+00:00,857.05,896.47,843.03,868.07,566.09079683
2017-01-09 00:00:00+00:00,868.07,869.99,836.91,858.57,693.64929904
2017-01-10 00:00:00+00:00,858.57,886.8,854.15,866.0,569.7242611
2017-01-11 00:00:00+00:00,866.0,885.77,717.0,747.17,2587.74646346
2017-01-12 00:00:00+00:00,747.02,792.0,707.0,769.99,1345.54836626
2017-01-13 00:00:00+00:00,769.99,797.38,740.0,784.77,754.10608834
2017-01-14 00:00:00+00:00,784.77,793.48,771.0,773.03,592.67080439
2017-01-15 00:00:00+00:00,773.03,782.63,765.0,777.0,299.86693375
2017-01-16 00:00:00+00:00,777.0,795.0,772.01,787.0,945.92137132
2017-01-17 00:00:00+00:00,787.0,862.37,787.0,852.03,1335.17298115
2017-01-18 00:00:00+00:00,852.03,860.5,804.1,835.98,737.91613683
2017-01-19 00:00:00+00:00,835.99,854.87,835.98,845.5,695.79967461
2017-01-20 00:00:00+00:00,845.5,848.0,835.0,838.34,421.31387743
2017-01-21 00:00:00+00:00,838.34,872.12,837.0,863.5,536.50781621
2017-01-22 00:00:00+00:00,863.5,878.5,836.0,859.99,580.84557675
2017-01-23 00:00:00+00:00,859.99,869.75,852.99,855.0,275.22651744
2017-01-24 00:00:00+00:00,854.13,860.0,834.95,835.99,629.93251323
2017-01-25 00:00:00+00:00,835.99,845.0,830.0,833.04,501.43609752
2017-01-26 00:00:00+00:00,833.04,859.64,833.04,857.5,503.49928254
2017-01-27 00:00:00+00:00,857.5,864.5,844.17,857.9,320.80718313
2017-01-28 00:00:00+00:00,857.9,862.5,850.5,857.45,228.89404803
2017-01-29 00:00:00+00:00,857.45,862.22,854.22,858.21,123.30278013
2017-01-30 00:00:00+00:00,858.21,865.0,852.57,860.5,461.79097126
2017-01-31 00:00:00+00:00,860.5,903.0,857.8,900.5,903.91797082
2017-02-01 00:00:00+00:00,900.5,916.04,893.48,914.3,541.65263333
2017-02-02 00:00:00+00:00,914.3,950.12,909.87,941.46,714.68949249
2017-02-03 00:00:00+00:00,941.46,954.91,927.21,947.0,752.59980721
2017-02-04 00:00:00+00:00,943.0,966.0,936.0,961.14,288.82822696
2017-02-05 00:00:00+00:00,961.14,961.9,935.5,943.0,329.85608117
2017-02-06 00:00:00+00:00,943.0,960.0,937.06,950.52,337.09719331
2017-02-07 00:00:00+00:00,950.52,990.86,950.52,987.97,537.03965124
2017-02-08 00:00:00+00:00,987.97,999.13,951.1,984.5,816.4757405
2017-02-09 00:00:00+00:00,984.5,1002.4,865.03,923.99,2949.236556
2017-02-10 00:00:00+00:00,923.99,948.89,891.0,939.5,755.94442791
2017-02-11 00:00:00+00:00,939.5,959.97,935.1,953.96,320.33377363
2017-02-12 00:00:00+00:00,953.96,953.96,940.0,945.46,208.86787456
2017-02-13 00:00:00+00:00,945.46,949.95,924.79,948.99,504.6515696
2017-02-14 00:00:00+00:00,948.99,967.99,939.5,960.84,701.92122877
2017-02-15 00:00:00+00:00,960.84,965.0,949.0,960.63,396.89982902
2017-02-16 00:00:00+00:00,960.63,988.04,960.0,979.99,532.73777845
2017-02-17 00:00:00+00:00,979.99,999.8,977.0,994.96,636.14533554
2017-02-18 00:00:00+00:00,994.96,1005.0,987.21,997.0,330.14173982
2017-02-19 00:00:00+00:00,997.0,1001.43,985.0,990.0,216.69582402
2017-02-20 00:00:00+00:00,990.0,1022.9,985.31,1020.08,580.30709498
2017-02-21 00:00:00+00:00,1020.08,1064.9,1012.31,1062.99,1207.04772606
2017-02-22 00:00:00+00:00,1062.99,1075.1,1044.36,1066.07,642.96719876
2017-02-23 00:00:00+00:00,1066.07,1124.01,1062.53,1114.72,919.83340554
2017-02-24 00:00:00+00:00,1114.93,1145.0,1020.0,1116.16,1563.0785713
2017-02-25 00:00:00+00:00,1116.16,1124.0,1070.05,1083.47,619.04140379
2017-02-26 00:00:00+00:00,1083.47,1118.99,1070.01,1105.16,277.66490562
2017-02-27 00:00:00+00:00,1105.16,1125.0,1098.98,1125.0,390.11279053
2017-02-28 00:00:00+00:00,1125.0,1129.71,1111.0,1118.89,726.32924255
2017-03-01 00:00:00+00:00,1118.89,1157.0,1117.52,1157.0,824.99858626
2017-03-02 00:00:00+00:00,1157.0,1199.0,1130.1,1194.57,1049.97561419
2017-03-03 00:00:00+00:00,1194.57,1226.92,1181.12,1206.99,1002.19694015
2017-03-04 00:00:00+00:00,1204.0,1210.56,1151.5,1194.38,659.97475274
2017-03-05 00:00:00+00:00,1194.38,1195.0,1168.07,1184.03,290.32576809
2017-03-06 00:00:00+00:00,1193.98,1214.0,1170.37,1203.18,575.24598966
2017-03-07 00:00:00+00:00,1203.18,1209.36,1111.0,1172.32,1488.976285
2017-03-08 00:00:00+00:00,1172.32,1177.91,1080.0,1080.71,1550.67679249
2017-03-09 00:00:00+00:00,1083.99,1141.0,1075.03,1132.98,1012.45432194
2017-03-10 00:00:00+00:00,1132.98,1245.0,950.0,1046.0,3705.87952056
2017-03-11 00:00:00+00:00,1046.0,1146.82,1045.09,1106.47,1271.85362398
2017-03-12 00:00:00+00:00,1106.47,1159.47,1100.0,1152.0,733.48099552
2017-03-13 00:00:00+00:00,1152.0,1174.97,1136.0,1164.99,922.51839587
2017-03-14 00:00:00+00:00,1164.98,1178.9,1145.0,1172.75,746.65523687
2017-03-15 00:00:00+00:00,1172.75,1186.82,1164.0,1169.99,1039.66574442
2017-03-16 00:00:00+00:00,1166.54,1169.99,1050.84,1088.18,1798.41604602
2017-03-17 00:00:00+00:00,1088.18,1090.0,992.0,994.1,2798.33204515
2017-03-18 00:00:00+00:00,994.1,1020.0,853.98,884.99,3243.469689
2017-03-19 00:00:00+00:00,885.0,1000.0,882.63,936.61,1970.70725224
2017-03-20 00:00:00+00:00,936.61,978.14,926.09,965.0,1218.9031713
2017-03-21 00:00:00+00:00,963.21,1030.0,961.24,1018.0,1896.97394044
2017-03-22 00:00:00+00:00,1018.0,1020.52,904.61,945.87,1951.76194903
2017-03-23 00:00:00+00:00,945.87,972.66,929.46,947.54,815.4801804
2017-03-24 00:00:00+00:00,947.54,953.94,855.0,859.48,1839.864755
2017-03-25 00:00:00+00:00,859.48,887.11,819.0,879.99,2055.96138461
2017-03-26 00:00:00+00:00,879.99,923.0,861.0,883.01,1153.99702789
2017-03-27 00:00:00+00:00,883.01,959.0,877.25,957.54,1114.30249456
2017-03-28 00:00:00+00:00,954.23,983.04,936.73,959.57,1351.64568497
2017-03-29 00:00:00+00:00,959.57,963.91,920.12,947.0,1736.23727394
2017-03-30 00:00:00+00:00,947.0,961.72,900.0,943.34,1455.82543417
2017-03-31 00:00:00+00:00,943.34,1000.97,939.36,995.8,1403.97432436
2017-04-01 00:00:00+00:00,995.75,1022.16,980.0,1000.0,796.64329401
2017-04-02 00:00:00+00:00,1000.0,1029.5,989.0,1010.73,1654.42112812
2017-04-03 00:00:00+00:00,1010.73,1079.35,1003.3,1065.75,1809.54982547
2017-04-04 00:00:00+00:00,1065.75,1089.99,1051.16,1070.0,1274.91654697
2017-04-05 00:00:00+00:00,1064.9,1070.0,1037.22,1060.99,1016.41641071
2017-04-06 00:00:00+00:00,1060.99,1128.82,1059.44,1119.63,1485.75423547
2017-04-07 00:00:00+00:00,1121.86,1133.99,1100.04,1120.21,808.04853355
2017-04-08 00:00:00+00:00,1120.21,1132.42,1101.46,1112.25,381.89925984
2017-04-09 00:00:00+00:00,1112.25,1144.0,1105.23,1133.23,751.83298222
2017-04-10 00:00:00+00:00,1133.23,1147.58,1124.28,1136.98,753.49814909
2017-04-11 00:00:00+00:00,1135.0,1159.62,1127.0,1153.24,534.79021137
2017-04-12 00:00:00+00:00,1153.24,1154.98,1135.25,1138.0,703.07325438
2017-04-13 00:00:00+00:00,1138.0,1142.5,1085.29,1102.58,1145.78333816
2017-04-14 00:00:00+00:00,1104.58,1123.58,1095.09,1112.69,606.79532477
2017-04-15 00:00:00+00:00,1112.69,1128.73,1102.25,1108.97,352.752354
2017-04-16 00:00:00+00:00,1108.97,1117.9,1032.0,1108.5,703.05996673
2017-04-17 00:00:00+00:00,1108.5,1119.99,1101.5,1115.03,591.25673551
2017-04-18 00:00:00+00:00,1115.03,1132.0,1109.0,1124.33,639.18014301
2017-04-19 00:00:00+00:00,1124.33,1130.0,1115.0,1121.29,811.74543795
2017-04-20 00:00:00+00:00,1121.29,1154.85,1120.09,1150.34,861.0067317
2017-04-21 00:00:00+00:00,1150.34,1166.45,1141.98,1154.99,783.82233284
2017-04-22 00:00:00+00:00,1154.99,1155.0,1126.0,1148.0,431.17301703
2017-04-23 00:00:00+00:00,1148.0,1154.96,1135.0,1140.73,385.975472
2017-04-24 00:00:00+00:00,1140.73,1158.46,1140.0,1153.22,631.32667999
2017-04-25 00:00:00+00:00,1153.22,1175.16,1152.64,1168.0,818.06316963
2017-04-26 00:00:00+00:00,1168.0,1199.97,1164.87,1180.87,1230.7479344
2017-04-27 00:00:00+00:00,1180.87,1220.0,1170.0,1213.54,1204.95427594
2017-04-28 00:00:00+00:00,1213.54,1224.87,1177.52,1219.8,1510.68334374
2017-04-29 00:00:00+00:00,1219.8,1225.0,1205.2,1224.8,644.60395798
2017-04-30 00:00:00+00:00,1224.8,1224.8,1200.0,1221.15,769.99017108
2017-05-01 00:00:00+00:00,1221.13,1278.0,1216.78,1259.05,905.9644813
2017-05-02 00:00:00+00:00,1257.26,1329.0,1245.02,1295.2,1082.30670586
2017-05-03 00:00:00+00:00,1300.0,1385.0,1290.0,1377.0,1744.14629977
2017-05-04 00:00:00+00:00,1377.0,1482.69,1280.0,1387.22,3543.3051883
2017-05-05 00:00:00+00:00,1387.22,1459.0,1358.61,1382.4,1825.78768685
2017-05-06 00:00:00+00:00,1382.4,1417.26,1377.19,1404.51,851.1031825
2017-05-07 00:00:00+00:00,1404.51,1423.98,1382.29,1413.0,963.86317192
2017-05-08 00:00:00+00:00,1413.0,1520.0,1413.0,1514.01,2419.27205431
2017-05-09 00:00:00+00:00,1519.47,1620.0,1480.0,1585.0,3339.40178454
2017-05-10 00:00:00+00:00,1585.0,1645.0,1535.0,1623.69,2038.03846209
2017-05-11 00:00:00+00:00,1627.99,1727.76,1600.01,1686.95,1988.26153831
2017-05-12 00:00:00+00:00,1686.95,1695.74,1519.0,1551.0,2454.65621971
2017-05-13 00:00:00+00:00,1551.0,1645.0,1485.05,1634.32,1574.82100765
2017-05-14 00:00:00+00:00,1638.0,1661.13,1606.42,1635.5,768.08759668
2017-05-15 00:00:00+00:00,1634.19,1637.94,1552.27,1581.73,1625.70376403
2017-05-16 00:00:00+00:00,1580.05,1648.1,1538.26,1582.0,2780.70640411
2017-05-17 00:00:00+00:00,1582.0,1678.0,1565.03,1648.3,2477.75315036
2017-05-18 00:00:00+00:00,1648.3,1719.77,1630.56,1715.5,2252.16575376
2017-05-19 00:00:00+00:00,1715.5,1767.79,1699.13,1760.2,2537.52450852
2017-05-20 00:00:00+00:00,1760.2,1800.0,1731.0,1800.0,1772.8440308
2017-05-21 00:00:00+00:00,1797.8,1838.0,1720.36,1800.63,1457.74462774
2017-05-22 00:00:00+00:00,1800.63,1973.92,1788.88,1868.64,3062.49150572
2017-05-23 00:00:00+00:00,1868.64,2000.59,1860.29,1996.99,2404.62713728
2017-05-24 00:00:00+00:00,1996.99,2211.41,1804.0,2124.2,4002.68068254
2017-05-25 00:00:00+00:00,2123.88,2424.24,1941.01,1987.58,5204.43072714
2017-05-26 00:00:00+00:00,2012.0,2319.99,1860.0,2009.99,3876.27725954
2017-05-27 00:00:00+00:00,2004.0,2059.99,1650.0,1797.17,3541.62699776
2017-05-28 00:00:00+00:00,1797.17,2049.0,1797.17,1925.98,1939.59255179
2017-05-29 00:00:00+00:00,1925.98,2099.0,1870.7,2045.3,2432.5318286
2017-05-30 00:00:00+00:00,2043.73,2087.92,1950.0,1984.98,2314.36229639
2017-05-31 00:00:00+00:00,1983.0,2083.99,1955.9,2066.45,2126.05511646
2017-06-01 00:00:00+00:00,2066.45,2185.0,2057.7,2155.15,3036.47028966
2017-06-02 00:00:00+00:00,2158.12,2231.75,2124.59,2231.75,2147.00927823
2017-06-03 00:00:00+00:00,2231.75,2309.0,2178.07,2277.91,1170.07301853
2017-06-04 00:00:00+00:00,2271.91,2295.0,2220.0,2262.0,1271.86061975
2017-06-05 00:00:00+00:00,2262.0,2398.0,2250.0,2398.0,1917.77852105
2017-06-06 00:00:00+00:00,2398.0,2609.89,2385.82,2569.42,5528.37682643
2017-06-07 00:00:00+00:00,2556.83,2569.99,2380.01,2424.43,2373.32824172
2017-06-08 00:00:00+00:00,2420.12,2522.38,2380.0,2517.8,2296.96584107
2017-06-09 00:00:00+00:00,2517.8,2573.0,2500.0,2562.66,1607.20916177
2017-06-10 00:00:00+00:00,2548.72,2622.38,2534.46,2594.0,1449.81571795
2017-06-11 00:00:00+00:00,2595.0,2635.0,2555.74,2619.96,1420.97745273
2017-06-12 00:00:00+00:00,2619.95,2624.98,2199.98,2372.22,4801.49544645
2017-06-13 00:00:00+00:00,2375.74,2489.9,2350.09,2429.79,2456.42980022
2017-06-14 00:00:00+00:00,2429.79,2489.29,2111.0,2203.04,2917.54421979
2017-06-15 00:00:00+00:00,2203.04,2249.99,1916.19,2156.57,5388.23852711
2017-06-16 00:00:00+00:00,2156.6,2268.99,2060.0,2220.69,2438.09013318
2017-06-17 00:00:00+00:00,2212.43,2386.69,2168.0,2353.0,1148.88751876
2017-06-18 00:00:00+00:00,2356.78,2369.99,2190.09,2238.32,1420.11772809
2017-06-19 00:00:00+00:00,2239.93,2458.44,2205.0,2307.99,2705.67385865
2017-06-20 00:00:00+00:00,2307.95,2483.99,2292.14,2439.0,2232.78215371
2017-06-21 00:00:00+00:00,2439.0,2478.68,2337.8,2379.95,2109.27626135
2017-06-22 00:00:00+00:00,2372.0,2450.0,2324.35,2417.6,1575.42600097
2017-06-23 00:00:00+00:00,2417.6,2437.21,2384.99,2404.59,945.13653765
2017-06-24 00:00:00+00:00,2407.56,2430.0,2236.13,2293.47,1541.34914228
2017-06-25 00:00:00+00:00,2290.0,2349.0,2177.0,2235.07,1103.53301875
2017-06-26 00:00:00+00:00,2235.07,2277.92,2047.51,2157.01,3107.23987899
2017-06-27 00:00:00+00:00,2155.01,2231.01,2006.09,2231.01,3463.3461142
2017-06-28 00:00:00+00:00,2231.01,2270.0,2151.11,2247.51,1635.97655877
2017-06-29 00:00:00+00:00,2247.51,2267.27,2200.0,2220.0,809.40021108
2017-06-30 00:00:00+00:00,2220.0,2249.0,2151.0,2156.0,861.45745562
2017-07-01 00:00:00+00:00,2156.0,2200.0,2091.14,2107.2,914.76025273
2017-07-02 00:00:00+00:00,2109.4,2212.02,2076.0,2194.41,689.96606571
2017-07-03 00:00:00+00:00,2194.41,2271.0,2134.41,2232.01,1557.1069544
2017-07-04 00:00:00+00:00,2232.01,2319.76,2232.01,2289.41,1304.39007895
2017-07-05 00:00:00+00:00,2294.98,2308.96,2230.02,2305.79,868.96233276
2017-07-06 00:00:00+00:00,2305.79,2306.97,2252.3,2292.9,876.06664155
2017-07-07 00:00:00+00:00,2292.9,2294.57,2184.59,2210.0,1150.90068999
2017-07-08 00:00:00+00:00,2210.0,2241.99,2180.0,2239.99,690.30279167
2017-07-09 00:00:00+00:00,2239.99,2255.0,2197.73,2197.73,390.14356464
2017-07-10 00:00:00+00:00,2203.28,2216.44,2003.21,2063.67,2477.11063904
2017-07-11 00:00:00+00:00,2063.37,2108.58,1975.0,2021.49,2469.87083117
2017-07-12 00:00:00+00:00,2021.49,2119.83,1966.0,2089.71,2186.83308954
2017-07-13 00:00:00+00:00,2089.71,2114.99,2034.78,2048.87,1053.51632863
2017-07-14 00:00:00+00:00,2048.87,2065.0,1881.0,1940.19,1715.67847635
2017-07-15 00:00:00+00:00,1940.19,1940.19,1728.0,1731.52,2814.80773045
2017-07-16 00:00:00+00:00,1731.52,1789.79,1599.0,1679.12,2934.71206428
2017-07-17 00:00:00+00:00,1675.0,1939.09,1670.56,1939.09,3702.42167493
2017-07-18 00:00:00+00:00,1939.09,2081.02,1868.08,2007.25,2816.63323044
2017-07-19 00:00:00+00:00,2007.25,2087.62,1923.0,1968.66,2214.87932632
2017-07-20 00:00:00+00:00,1968.66,2497.79,1967.21,2448.8,4686.68126049
2017-07-21 00:00:00+00:00,2448.8,2466.87,2250.0,2289.8,2812.71525555
2017-07-22 00:00:00+00:00,2289.8,2465.8,2280.0,2424.9,1796.28669667
2017-07-23 00:00:00+00:00,2425.09,2443.45,2277.2,2353.27,1589.93811826
2017-07-24 00:00:00+00:00,2353.27,2400.77,2317.5,2375.8,1262.48544554
2017-07-25 00:00:00+00:00,2375.8,2396.7,2120.7,2208.99,3337.61714024
2017-07-26 00:00:00+00:00,2206.6,2245.94,2101.0,2179.3,1760.16673522
2017-07-27 00:00:00+00:00,2184.47,2315.0,2170.1,2289.29,1185.49043236
2017-07-28 00:00:00+00:00,2289.29,2413.1,2282.53,2366.6,2073.86099544
2017-07-29 00:00:00+00:00,2366.6,2378.51,2285.0,2313.15,1331.23688891
2017-07-30 00:00:00+00:00,2313.15,2369.9,2225.0,2354.0,1056.66682081
2017-07-31 00:00:00+00:00,2354.0,2471.38,2321.22,2471.38,1460.70927183
2017-08-01 00:00:00+00:00,2471.38,2489.64,2259.8,2325.79,1219.29312557
2017-08-02 00:00:00+00:00,2325.79,2362.98,2250.0,2300.0,981.03740765
2017-08-03 00:00:00+00:00,2300.0,2378.9,2294.77,2371.8,989.30576945
2017-08-04 00:00:00+00:00,2373.3,2447.99,2351.31,2432.99,1140.35522595
2017-08-05 00:00:00+00:00,2432.99,2806.17,2425.5,2759.52,3335.55717163
2017-08-06 00:00:00+00:00,2751.6,2796.99,2666.0,2737.69,980.21041599
2017-08-07 00:00:00+00:00,2737.69,2910.0,2710.01,2868.98,1790.94233338
2017-08-08 00:00:00+00:00,2868.98,2977.97,2832.73,2915.0,2270.26311069
2017-08-09 00:00:00+00:00,2915.0,2929.99,2764.06,2863.48,2389.07515364
2017-08-10 00:00:00+00:00,2863.39,2960.0,2830.93,2920.38,1456.91112723
2017-08-11 00:00:00+00:00,2920.49,3150.0,2900.74,3111.96,2340.29016955
2017-08-12 00:00:00+00:00,3112.0,3349.0,3058.97,3287.12,2689.32845727
2017-08-13 00:00:00+00:00,3292.94,3550.88,3225.27,3432.58,2863.10460535
2017-08-14 00:00:00+00:00,3432.58,3681.56,3351.02,3674.29,2204.68363993
2017-08-15 00:00:00+00:00,3674.29,3749.0,3250.11,3537.89,3386.25740207
2017-08-16 00:00:00+00:00,3534.62,3732.0,3344.1,3700.0,2151.7525948
2017-08-17 00:00:00+00:00,3700.11,3827.0,3581.92,3656.66,2087.07208174
2017-08-18 00:00:00+00:00,3670.32,3744.0,3405.99,3519.99,2262.44690551
2017-08-19 00:00:00+00:00,3519.93,3592.43,3383.67,3553.44,1519.34835467
2017-08-20 00:00:00+00:00,3553.44,3553.44,3453.01,3488.45,978.27381881
2017-08-21 00:00:00+00:00,3488.45,3509.88,3385.0,3405.98,1981.72733931
2017-08-22 00:00:00+00:00,3405.99,3550.0,3104.9,3492.78,2789.11272038
2017-08-23 00:00:00+00:00,3492.78,3636.01,3460.08,3529.96,1830.15560478
2017-08-24 00:00:00+00:00,3528.96,3720.25,3504.21,3674.61,1394.37060654
2017-08-25 00:00:00+00:00,3668.61,3778.97,3619.0,3679.48,1404.44063267
2017-08-26 00:00:00+00:00,3679.48,3699.52,3610.0,3673.96,778.24602762
2017-08-27 00:00:00+00:00,3679.01,3719.83,3632.66,3642.59,758.21263505
2017-08-28 00:00:00+00:00,3642.59,3670.0,3534.0,3661.0,1872.3435524
2017-08-29 00:00:00+00:00,3661.0,3840.0,3500.0,3818.18,2494.8088188
2017-08-30 00:00:00+00:00,3818.06,3850.0,3740.65,3839.96,1147.03947127
2017-08-31 00:00:00+00:00,3839.96,3998.0,3830.8,3973.0,1678.38372823
2017-09-01 00:00:00+00:00,3973.0,4175.0,3925.0,4149.99,2132.39532517
2017-09-02 00:00:00+00:00,4149.99,4199.0,3791.15,3889.89,2749.77834782
2017-09-03 00:00:00+00:00,3889.99,3998.0,3750.0,3912.99,1382.97770682
2017-09-04 00:00:00+00:00,3912.99,3912.99,3450.0,3646.37,4902.27750715
2017-09-05 00:00:00+00:00,3621.14,3878.47,3440.0,3815.92,3313.6387848
2017-09-06 00:00:00+00:00,3815.91,3981.0,3770.63,3929.05,2517.11088905
2017-09-07 00:00:00+00:00,3910.02,3980.01,3805.0,3908.72,1587.55292711
2017-09-08 00:00:00+00:00,3908.72,3931.82,3517.0,3660.0,3529.55416093
2017-09-09 00:00:00+00:00,3660.0,3733.56,3540.0,3655.79,1406.21384651
2017-09-10 00:00:00+00:00,3655.79,3655.79,3451.0,3585.2,1822.69189263
2017-09-11 00:00:00+00:00,3585.2,3669.77,3465.13,3545.42,2284.55997883
2017-09-12 00:00:00+00:00,3545.42,3686.02,3445.9,3489.13,2675.46094027
2017-09-13 00:00:00+00:00,3505.06,3505.06,3098.68,3255.29,5875.55341502
2017-09-14 00:00:00+00:00,3245.61,3302.18,2695.75,2717.64,6655.76773151
2017-09-15 00:00:00+00:00,2718.01,3239.3,2502.0,3162.06,11704.48579421
2017-09-16 00:00:00+00:00,3166.5,3294.83,3000.0,3156.22,2108.49209056
2017-09-17 00:00:00+00:00,3140.57,3223.84,2950.0,3124.36,1647.3580819
2017-09-18 00:00:00+00:00,3124.36,3470.41,3120.61,3449.0,3197.30486361
2017-09-19 00:00:00+00:00,3449.0,3465.0,3236.6,3266.82,1897.84523109
2017-09-20 00:00:00+00:00,3265.11,3380.1,3212.0,3274.39,2386.90203575
2017-09-21 00:00:00+00:00,3274.33,3305.59,3012.0,3051.89,2410.68059328
2017-09-22 00:00:00+00:00,3051.69,3152.71,2956.92,3061.3,2161.23015732
2017-09-23 00:00:00+00:00,3061.91,3217.17,3021.01,3163.6,1253.57711832
2017-09-24 00:00:00+00:00,3163.6,3174.97,3050.5,3100.76,822.79794884
2017-09-25 00:00:00+00:00,3100.76,3350.0,3090.0,3316.85,2073.5886441
2017-09-26 00:00:00+00:00,3316.38,3401.1,3257.2,3275.75,3180.11972679
2017-09-27 00:00:00+00:00,3270.0,3577.09,3268.0,3559.5,2809.55736721
2017-09-28 00:00:00+00:00,3551.01,3620.0,3461.0,3536.0,2660.68810622
2017-09-29 00:00:00+00:00,3536.0,3573.57,3404.0,3526.67,1899.10558868
2017-09-30 00:00:00+00:00,3526.67,3674.8,3503.71,3665.79,1148.76507522
2017-10-01 00:00:00+00:00,3665.5,3691.99,3580.0,3690.79,1193.1189219
2017-10-02 00:00:00+00:00,3682.2,3785.8,3682.2,3730.1,1546.13046872
2017-10-03 00:00:00+00:00,3739.8,3762.04,3600.0,3670.0,1770.24789096
2017-10-04 00:00:00+00:00,3670.0,3689.8,3556.73,3590.83,1275.04046449
2017-10-05 00:00:00+00:00,3601.68,3709.2,3525.1,3671.99,2108.90816059
2017-10-06 00:00:00+00:00,3671.99,3750.0,3639.9,3688.0,1362.05996868
2017-10-07 00:00:00+00:00,3688.0,3778.0,3661.19,3752.4,649.65075636
2017-10-08 00:00:00+00:00,3752.4,3890.0,3746.4,3871.11,1587.62343685
2017-10-09 00:00:00+00:00,3871.11,4118.87,3850.0,4030.01,2525.42847114
2017-10-10 00:00:00+00:00,4030.0,4150.0,3880.0,4027.54,2024.51307883
2017-10-11 00:00:00+00:00,4027.54,4107.89,3961.35,4059.99,1065.20952874
2017-10-12 00:00:00+00:00,4059.99,4549.0,4047.69,4549.0,3346.65277791
2017-10-13 00:00:00+00:00,4548.2,4923.3,4430.46,4740.5,3847.84939881
2017-10-14 00:00:00+00:00,4745.0,4879.99,4670.13,4879.99,1250.74223123
2017-10-15 00:00:00+00:00,4879.99,4898.0,4562.0,4792.99,1686.91688158
2017-10-16 00:00:00+00:00,4789.96,4900.22,4676.74,4864.0,2130.13628755
2017-10-17 00:00:00+00:00,4864.0,4883.2,4690.0,4759.2,1935.81497508
2017-10-18 00:00:00+00:00,4759.59,4759.99,4342.5,4746.19,3797.84795623
2017-10-19 00:00:00+00:00,4732.12,4837.0,4670.1,4790.71,1460.83185248
2017-10-20 00:00:00+00:00,4790.04,5145.0,4740.69,5034.74,2782.05669385
2017-10-21 00:00:00+00:00,5059.52,5250.0,4984.32,5115.69,2137.97362934
2017-10-22 00:00:00+00:00,5115.69,5168.7,4877.0,5103.8,1464.55887512
2017-10-23 00:00:00+00:00,5085.03,5150.0,4808.2,4991.2,2813.74499551
2017-10-24 00:00:00+00:00,5014.99,5024.8,4680.0,4740.9,2591.36637736
2017-10-25 00:00:00+00:00,4737.79,4895.0,4602.01,4894.94,2563.91880098
2017-10-26 00:00:00+00:00,4894.94,5130.0,4840.0,5074.07,2503.52822041
2017-10-27 00:00:00+00:00,5074.07,5148.01,4952.0,4992.81,1603.26104949
2017-10-28 00:00:00+00:00,5004.79,5070.0,4916.0,4973.01,828.78552489
2017-10-29 00:00:00+00:00,4972.56,5397.89,4917.06,5276.1,2210.29005274
2017-10-30 00:00:00+00:00,5293.03,5341.42,5180.01,5276.5,1722.52567056
2017-10-31 00:00:00+00:00,5261.99,5522.09,5232.0,5515.4,2181.93825453
2017-11-01 00:00:00+00:00,5515.4,5825.0,5456.38,5823.09,2260.32967393
2017-11-02 00:00:00+00:00,5823.09,6420.0,5781.0,6045.0,6132.26399818
2017-11-03 00:00:00+00:00,6045.0,6417.08,5964.1,6213.63,3338.26547981
2017-11-04 00:00:00+00:00,6215.82,6490.0,6033.3,6388.19,1819.87252245
2017-11-05 00:00:00+00:00,6354.07,6550.7,6270.76,6374.46,1716.72526923
2017-11-06 00:00:00+00:00,6374.46,6475.0,5980.11,6040.1,4050.41786912
2017-11-07 00:00:00+00:00,6040.1,6291.67,6036.79,6153.0,2541.96859935
2017-11-08 00:00:00+00:00,6153.0,6858.99,6111.0,6470.0,5090.34857219
2017-11-09 00:00:00+00:00,6460.0,6470.01,6155.0,6180.0,2918.50203144
2017-11-10 00:00:00+00:00,6180.0,6346.81,5511.98,5720.0,5998.30762233
2017-11-11 00:00:00+00:00,5720.0,5895.99,5320.0,5473.9,3360.40034046
2017-11-12 00:00:00+00:00,5445.81,5600.0,4736.46,5084.97,7005.86592818
2017-11-13 00:00:00+00:00,5075.0,5900.0,5013.0,5642.98,6307.4107896
2017-11-14 00:00:00+00:00,5636.46,5793.99,5565.14,5669.99,2532.45944776
2017-11-15 00:00:00+00:00,5671.49,6276.99,5654.12,6229.46,3401.73082506
2017-11-16 00:00:00+00:00,6249.99,6764.0,6100.01,6666.66,4285.26356723
2017-11-17 00:00:00+00:00,6666.66,6780.0,6390.0,6545.0,3451.15477284
2017-11-18 00:00:00+00:00,6545.0,6690.0,6320.56,6619.99,1724.9398703
2017-11-19 00:00:00+00:00,6619.99,6829.28,6531.0,6801.0,1760.70181537
2017-11-20 00:00:00+00:00,6801.0,7050.0,6704.22,7008.98,2534.77703037
2017-11-21 00:00:00+00:00,7021.19,7150.0,6670.0,6940.0,3408.69320827
2017-11-22 00:00:00+00:00,6939.97,7099.0,6908.0,6981.01,2414.66083029
2017-11-23 00:00:00+00:00,6991.99,7032.58,6760.0,6772.09,2438.79595305
2017-11-24 00:00:00+00:00,6760.01,7029.99,6671.0,6880.23,2588.45755804
2017-11-25 00:00:00+00:00,6894.85,7256.99,6845.0,7238.97,2192.31906931
2017-11-26 00:00:00+00:00,7238.99,7793.0,7210.0,7709.98,2880.74230139
2017-11-27 00:00:00+00:00,7709.99,8150.0,7580.0,8055.0,3910.62420122
2017-11-28 00:00:00+00:00,8055.0,8376.36,7934.01,8250.0,3331.66131264
2017-11-29 00:00:00+00:00,8250.0,9500.0,7104.88,8350.57,9712.1647696
2017-11-30 00:00:00+00:00,8325.5,9000.0,7530.0,8450.0,6109.72900981
2017-12-01 00:00:00+00:00,8447.24,9200.0,7930.02,9150.0,4778.6775732
2017-12-02 00:00:00+00:00,9130.1,9425.61,8991.1,9179.01,2450.0630233
2017-12-03 00:00:00+00:00,9179.01,9800.0,8848.69,9457.0,4076.54066325
2017-12-04 00:00:00+00:00,9457.0,9740.0,9151.41,9740.0,3063.11393298
2017-12-05 00:00:00+00:00,9739.99,9979.79,9562.0,9931.3,3378.16652717
2017-12-06 00:00:00+00:00,9924.8,11800.0,9911.4,11605.49,6466.49553099
2017-12-07 00:00:00+00:00,11605.51,13850.0,10690.0,13835.0,9883.09775784
2017-12-08 00:00:00+00:00,13835.0,14095.06,11401.01,13240.81,6346.98496197
2017-12-09 00:00:00+00:00,13289.99,13350.0,10360.0,12122.01,4828.53756206
2017-12-10 00:00:00+00:00,12149.98,12850.0,10446.0,12323.98,4707.90583441
2017-12-11 00:00:00+00:00,12320.0,14444.0,12200.74,13571.22,4528.94570165
2017-12-12 00:00:00+00:00,13594.98,14488.2,13244.97,14003.97,4253.19209809
2017-12-13 00:00:00+00:00,14005.0,14399.98,13000.0,13687.62,4569.11560733
2017-12-14 00:00:00+00:00,13686.53,14170.0,13402.25,13735.0,3654.27663401
2017-12-15 00:00:00+00:00,13688.01,14950.0,13671.0,14571.54,4594.89693116
2017-12-16 00:00:00+00:00,14614.88,16239.63,14455.0,16105.0,3103.2724601
2017-12-17 00:00:00+00:00,16106.0,16457.0,15509.99,15884.81,2341.53817789
2017-12-18 00:00:00+00:00,15884.82,16159.0,15100.0,15950.04,3513.00917549
2017-12-19 00:00:00+00:00,15950.02,16050.0,14207.0,14909.91,5297.69146058
2017-12-20 00:00:00+00:00,14909.89,15199.99,13172.11,13820.0,8536.39037307
2017-12-21 00:00:00+00:00,13773.12,14615.0,12590.9,13097.23,6551.12362526
2017-12-22 00:00:00+00:00,13115.81,13293.53,9201.0,11630.01,16338.36846832
2017-12-23 00:00:00+00:00,11668.2,13188.41,11000.0,12193.12,5064.89345147
2017-12-24 00:00:00+00:00,12299.97,12342.16,10450.0,11843.63,4295.97557421
2017-12-25 00:00:00+00:00,11808.0,12200.0,11073.29,11600.33,2199.56411852
2017-12-26 00:00:00+00:00,11667.08,13482.0,11508.51,13137.18,3448.2449635
2017-12-27 00:00:00+00:00,13066.41,13670.0,12210.0,12950.0,4397.45525842
2017-12-28 00:00:00+00:00,12969.57,12999.99,11374.33,12179.92,5302.9951724
2017-12-29 00:00:00+00:00,12218.0,12700.2,11755.0,12119.8,4080.52150037
2017-12-30 00:00:00+00:00,12119.78,12149.99,10200.0,10642.89,5684.59115257
2017-12-31 00:00:00+00:00,10642.88,11977.0,10469.35,11583.17,2941.45291056
2018-01-01 00:00:00+00:00,11612.94,11647.06,10709.62,11205.01,1925.033738
2018-01-02 00:00:00+00:00,11224.8,12722.02,10785.69,12197.24,3726.048361
2018-01-03 00:00:00+00:00,12197.18,12800.0,12100.0,12660.3,4159.70110569
2018-01-04 00:00:00+00:00,12699.99,12900.0,11825.1,12679.96,5405.00337657
2018-01-05 00:00:00+00:00,12679.96,14178.2,12291.27,14077.17,6109.4087424
2018-01-06 00:00:00+00:00,14007.3,14200.0,13370.0,14134.77,2043.47852424
2018-01-07 00:00:00+00:00,14135.02,14175.0,13034.12,13393.38,2185.8188993
2018-01-08 00:00:00+00:00,13404.75,13482.0,11427.63,12487.19,4879.84177822
2018-01-09 00:00:00+00:00,12465.42,12742.41,11820.0,11997.84,3652.44952859
2018-01-10 00:00:00+00:00,11997.81,12436.26,11155.01,12401.29,5278.7905693
2018-01-11 00:00:00+00:00,12435.96,12450.0,10708.92,10998.61,6178.49329204
2018-01-12 00:00:00+00:00,10998.58,11580.01,10606.01,11406.7,3606.42459476
2018-01-13 00:00:00+00:00,11335.91,11929.24,11335.91,11652.75,1733.17165373
2018-01-14 00:00:00+00:00,11697.8,11811.24,10801.0,11232.43,2291.11990586
2018-01-15 00:00:00+00:00,11229.98,11750.0,11010.11,11148.46,3097.26181491
2018-01-16 00:00:00+00:00,11147.3,11233.1,8205.38,9331.62,11498.05666801
2018-01-17 00:00:00+00:00,9337.85,9741.85,7534.0,9228.39,11958.42912226
2018-01-18 00:00:00+00:00,9258.72,10147.99,8838.98,9341.54,6767.04548398
2018-01-19 00:00:00+00:00,9382.42,9949.05,9152.0,9550.23,3481.11160139
2018-01-20 00:00:00+00:00,9550.23,10750.0,9508.52,10546.67,2281.50922424
2018-01-21 00:00:00+00:00,10546.42,10555.47,9149.0,9565.96,2601.88313853
2018-01-22 00:00:00+00:00,9565.96,9820.54,8246.0,8850.0,5810.9257309
2018-01-23 00:00:00+00:00,8874.24,9322.3,8101.0,8863.78,4498.87046364
2018-01-24 00:00:00+00:00,8860.11,9345.45,8550.31,9234.2,2973.89996516
2018-01-25 00:00:00+00:00,9234.11,9464.53,8400.0,8982.06,2701.92644198
2018-01-26 00:00:00+00:00,9019.3,9369.19,8293.03,8975.9,5449.24249325
2018-01-27 00:00:00+00:00,8973.9,9343.0,8760.0,9185.0,2097.52059371
2018-01-28 00:00:00+00:00,9193.0,9589.0,9124.47,9431.8,2459.12864497
2018-01-29 00:00:00+00:00,9421.2,9510.0,8865.82,9028.78,3066.17139369
2018-01-30 00:00:00+00:00,9028.6,9071.78,7900.1,8063.88,5478.83285431
2018-01-31 00:00:00+00:00,8063.86,8286.0,7670.6,8136.32,3889.51332568
2018-02-01 00:00:00+00:00,8133.11,8186.86,6700.0,7134.32,10253.81623452
2018-02-02 00:00:00+00:00,7167.3,7301.64,6000.0,7073.03,13226.06420806
2018-02-03 00:00:00+00:00,7075.23,7629.99,6528.0,7415.8,3950.85598457
2018-02-04 00:00:00+00:00,7415.79,7499.99,6232.43,6512.81,4137.1710742
2018-02-05 00:00:00+00:00,6526.65,6680.37,5250.0,5541.79,12392.09678518
2018-02-06 00:00:00+00:00,5541.39,6452.78,4712.0,6208.8,17922.3629982
2018-02-07 00:00:00+00:00,6219.89,6990.0,5815.1,6178.57,9214.28202176
2018-02-08 00:00:00+00:00,6178.59,7071.86,6150.48,6723.98,4608.66939643
2018-02-09 00:00:00+00:00,6723.7,7171.06,6330.69,7092.02,4629.25557824
2018-02-10 00:00:00+00:00,7109.77,7445.0,6667.11,7009.62,3910.8307546
2018-02-11 00:00:00+00:00,7009.57,7009.57,6400.01,6596.99,2171.25901593
2018-02-12 00:00:00+00:00,6596.9,7299.0,6596.67,7235.99,3583.34489336
2018-02-13 00:00:00+00:00,7235.99,7300.79,6810.0,6908.7,3126.78552063
2018-02-14 00:00:00+00:00,6914.5,7655.49,6900.85,7620.0,3973.1125783
2018-02-15 00:00:00+00:00,7619.24,8219.11,7501.0,8055.25,5023.64188284
2018-02-16 00:00:00+00:00,8055.25,8268.27,7811.0,8220.0,2450.7033372
2018-02-17 00:00:00+00:00,8206.0,8999.58,8096.4,8960.22,3049.97722148
2018-02-18 00:00:00+00:00,8984.96,9131.0,8224.73,8417.19,3114.60382527
2018-02-19 00:00:00+00:00,8432.2,9089.57,8349.52,9035.62,3135.81488289
2018-02-20 00:00:00+00:00,9027.74,9567.98,9000.0,9118.46,4120.11986295
2018-02-21 00:00:00+00:00,9133.48,9165.74,8322.66,8523.08,5611.26038068
2018-02-22 00:00:00+00:00,8517.47,8912.42,7826.11,8000.0,4571.01851526
2018-02-23 00:00:00+00:00,7995.99,8471.29,7770.17,8272.8,2897.96273583
2018-02-24 00:00:00+00:00,8257.8,8544.93,7620.86,7902.8,2607.9462453
2018-02-25 00:00:00+00:00,7912.0,8060.0,7600.0,7825.58,1327.32656367
2018-02-26 00:00:00+00:00,7826.55,8499.24,7620.03,8374.5,3015.26618995
2018-02-27 00:00:00+00:00,8395.0,8843.28,8212.57,8623.44,3348.74764778
2018-02-28 00:00:00+00:00,8623.59,9048.55,8410.01,8463.0,2789.09506376
2018-03-01 00:00:00+00:00,8462.8,9000.0,8364.89,8864.3,2812.93995951
2018-03-02 00:00:00+00:00,8894.48,9099.0,8748.42,8948.49,2612.88508592
2018-03-03 00:00:00+00:00,8951.89,9299.0,8935.99,9243.53,1452.78057384
2018-03-04 00:00:00+00:00,9259.9,9330.0,8948.68,9300.03,1302.63885596
2018-03-05 00:00:00+00:00,9300.42,9458.72,9210.54,9210.54,1684.53569505
2018-03-06 00:00:00+00:00,9210.32,9238.9,8528.0,8640.28,2818.32869199
2018-03-07 00:00:00+00:00,8656.7,8787.9,7630.0,8009.57,4910.07672673
2018-03-08 00:00:00+00:00,8011.0,8196.15,7355.0,7546.37,4330.02918563
2018-03-09 00:00:00+00:00,7569.69,7658.48,6799.12,7530.0,5610.74394562
2018-03-10 00:00:00+00:00,7529.4,7745.99,7091.01,7154.49,2117.02668996
2018-03-11 00:00:00+00:00,7154.49,7933.85,6860.0,7743.84,2937.51644829
2018-03-12 00:00:00+00:00,7771.38,8054.69,7110.0,7410.22,3653.88629017
2018-03-13 00:00:00+00:00,7408.07,7711.11,7173.32,7392.95,2668.72482575
2018-03-14 00:00:00+00:00,7407.65,7603.02,6430.1,6647.74,4411.07173248
2018-03-15 00:00:00+00:00,6647.99,6854.59,6223.75,6740.8,5099.31827089
2018-03-16 00:00:00+00:00,6740.8,7032.03,6450.0,6721.26,3276.22193639
2018-03-17 00:00:00+00:00,6717.2,6810.92,6300.0,6415.0,2731.83591255
2018-03-18 00:00:00+00:00,6414.98,6779.9,5935.81,6664.8,4675.67191253
2018-03-19 00:00:00+00:00,6675.34,7098.69,6606.35,6988.21,4257.67617489
2018-03-20 00:00:00+00:00,6988.21,7398.0,6754.99,7271.8,2916.88967248
2018-03-21 00:00:00+00:00,7274.13,7458.0,7149.9,7221.59,2287.70610386
2018-03-22 00:00:00+00:00,7223.78,7366.0,6903.34,7061.51,2271.09356422
2018-03-23 00:00:00+00:00,7076.28,7208.0,6701.12,7208.0,2155.12279308
2018-03-24 00:00:00+00:00,7208.0,7300.0,6891.91,6910.0,1453.16341356
2018-03-25 00:00:00+00:00,6932.83,7045.7,6797.0,6856.79,1175.03454946
2018-03-26 00:00:00+00:00,6870.77,6897.67,6312.87,6543.1,2983.34026679
2018-03-27 00:00:00+00:00,6551.0,6601.61,6235.0,6285.91,2245.917385
2018-03-28 00:00:00+00:00,6285.91,6549.0,6240.07,6451.29,1303.69067081
2018-03-29 00:00:00+00:00,6456.5,6462.95,5510.0,5725.9,6031.80767462
2018-03-30 00:00:00+00:00,5725.0,5904.0,5324.0,5534.1,5493.73485459
2018-03-31 00:00:00+00:00,5524.18,5830.0,5489.84,5600.0,2540.3515384
2018-04-01 00:00:00+00:00,5599.7,5711.45,5212.56,5517.18,2700.77991513
2018-04-02 00:00:00+00:00,5541.76,5765.82,5479.0,5739.99,1544.83839262
2018-04-03 00:00:00+00:00,5738.75,6148.9,5699.55,6049.5,3001.4521246
2018-04-04 00:00:00+00:00,6051.11,6060.53,5460.0,5520.9,2894.81290393
2018-04-05 00:00:00+00:00,5536.67,5667.78,5359.19,5527.69,2573.13794438
2018-04-06 00:00:00+00:00,5535.82,5600.0,5316.2,5401.0,1279.11666091
2018-04-07 00:00:00+00:00,5401.01,5738.89,5381.9,5615.11,1144.37642513
2018-04-08 00:00:00+00:00,5616.7,5788.04,5600.02,5733.0,640.15121397
2018-04-09 00:00:00+00:00,5728.5,5842.0,5373.56,5497.77,2248.97431065
2018-04-10 00:00:00+00:00,5505.99,5581.48,5407.06,5528.82,1027.06722635
2018-04-11 00:00:00+00:00,5533.45,5640.0,5510.78,5617.62,1218.69275223
2018-04-12 00:00:00+00:00,5617.62,6540.66,5466.47,6419.9,4468.89370457
2018-04-13 00:00:00+00:00,6420.0,6694.91,6283.37,6385.5,2983.45297878
2018-04-14 00:00:00+00:00,6389.99,6635.54,6329.76,6491.57,991.13906066
2018-04-15 00:00:00+00:00,6499.9,6819.99,6495.28,6767.3,1387.52579499
2018-04-16 00:00:00+00:00,6786.34,6824.97,6375.0,6505.8,1842.93695986
2018-04-17 00:00:00+00:00,6517.58,6604.9,6312.88,6384.5,2166.6679385
2018-04-18 00:00:00+00:00,6383.7,6655.0,6363.6,6603.96,1531.90696621
2018-04-19 00:00:00+00:00,6606.46,6730.0,6528.62,6706.0,1438.05601307
2018-04-20 00:00:00+00:00,6718.12,7260.0,6665.0,7199.21,2953.97485738
2018-04-21 00:00:00+00:00,7219.83,7387.95,7003.93,7250.0,2741.74106215
2018-04-22 00:00:00+00:00,7250.0,7348.9,7119.8,7166.82,1673.12898271
2018-04-23 00:00:00+00:00,7174.1,7348.0,7143.73,7321.45,1385.209568
2018-04-24 00:00:00+00:00,7321.39,7969.0,7306.43,7896.6,3108.38756934
2018-04-25 00:00:00+00:00,7901.29,7976.65,7181.9,7277.98,6210.56616049
2018-04-26 00:00:00+00:00,7277.98,7685.35,7082.16,7642.13,2558.47471103
2018-04-27 00:00:00+00:00,7655.2,7755.88,7338.0,7357.89,1608.51865711
2018-04-28 00:00:00+00:00,7366.29,7769.0,7301.3,7698.93,1323.3252934
2018-04-29 00:00:00+00:00,7700.88,7847.8,7578.9,7741.89,1018.80806202
2018-04-30 00:00:00+00:00,7746.64,7788.7,7526.0,7642.61,1213.45735876
2018-05-01 00:00:00+00:00,7659.29,7659.29,7313.44,7551.46,1686.89395617
2018-05-02 00:00:00+00:00,7554.3,7733.84,7480.48,7713.17,957.95212384
2018-05-03 00:00:00+00:00,7709.16,8150.77,7631.02,8103.2,2288.19777955
2018-05-04 00:00:00+00:00,8105.38,8159.9,7878.64,8090.88,1503.93980176
2018-05-05 00:00:00+00:00,8084.65,8301.0,8064.0,8197.82,1408.14230749
2018-05-06 00:00:00+00:00,8197.89,8270.0,7850.0,8037.8,1110.37467537
2018-05-07 00:00:00+00:00,8037.69,8044.9,7679.73,7859.89,1699.23548145
2018-05-08 00:00:00+00:00,7849.19,7929.99,7612.0,7733.5,1159.20048365
2018-05-09 00:00:00+00:00,7739.87,7895.5,7550.88,7843.51,1153.44789344
2018-05-10 00:00:00+00:00,7843.51,7913.5,7552.11,7568.85,1105.94073788
2018-05-11 00:00:00+00:00,7579.18,7579.18,6980.0,7013.1,2589.61486955
2018-05-12 00:00:00+00:00,7042.5,7254.44,6828.0,7107.01,1755.37366163
2018-05-13 00:00:00+00:00,7115.79,7334.44,6976.31,7273.2,1121.33408781
2018-05-14 00:00:00+00:00,7285.14,7449.01,6936.7,7273.99,2433.4756707
2018-05-15 00:00:00+00:00,7278.3,7427.72,7122.0,7173.1,1560.98062294
2018-05-16 00:00:00+00:00,7178.38,7210.0,6865.21,7056.14,2282.43233576
2018-05-17 00:00:00+00:00,7077.95,7170.62,6783.02,6845.29,1326.7728012
2018-05-18 00:00:00+00:00,6848.6,7038.56,6707.02,6999.01,1241.40922613
2018-05-19 00:00:00+00:00,7008.1,7136.8,6904.64,7001.3,786.67742084
2018-05-20 00:00:00+00:00,7002.6,7285.0,6940.64,7228.9,721.56873476
2018-05-21 00:00:00+00:00,7240.91,7316.49,7065.0,7114.28,803.00013052
2018-05-22 00:00:00+00:00,7117.54,7133.2,6751.0,6787.46,1392.55747118
2018-05-23 00:00:00+00:00,6783.19,6819.88,6371.94,6422.36,2686.78202173
2018-05-24 00:00:00+00:00,6422.38,6608.8,6164.98,6475.29,2212.98025165
2018-05-25 00:00:00+00:00,6475.78,6543.93,6252.49,6417.42,1224.30446538
2018-05-26 00:00:00+00:00,6412.34,6547.38,6256.82,6289.16,568.57217733
2018-05-27 00:00:00+00:00,6299.2,6354.96,6200.0,6291.0,658.11668358
2018-05-28 00:00:00+00:00,6291.59,6350.0,6091.1,6113.63,1349.17428097
2018-05-29 00:00:00+00:00,6117.8,6532.47,6075.0,6470.43,1454.30973084
2018-05-30 00:00:00+00:00,6480.59,6549.98,6249.0,6337.68,1149.0663319
2018-05-31 00:00:00+00:00,6337.65,6506.18,6291.3,6406.12,1178.07349176
2018-06-01 00:00:00+00:00,6405.28,6520.0,6288.17,6446.96,769.74819842
2018-06-02 00:00:00+00:00,6446.96,6600.0,6381.5,6551.16,634.61547131
2018-06-03 00:00:00+00:00,6547.22,6664.8,6520.01,6607.84,655.79076297
2018-06-04 00:00:00+00:00,6610.12,6647.2,6356.28,6408.8,919.98291466
2018-06-05 00:00:00+00:00,6405.4,6537.9,6310.0,6499.15,1173.44276009
2018-06-06 00:00:00+00:00,6500.0,6543.18,6360.85,6501.99,746.78399972
2018-06-07 00:00:00+00:00,6501.99,6570.0,6468.0,6509.84,594.1632407
2018-06-08 00:00:00+00:00,6520.24,6523.48,6415.57,6478.94,531.52973126
2018-06-09 00:00:00+00:00,6478.94,6529.44,6359.42,6393.59,340.41055624
2018-06-10 00:00:00+00:00,6388.65,6388.65,5660.53,5763.07,2855.57201565
2018-06-11 00:00:00+00:00,5763.08,5888.77,5635.49,5847.62,1981.13228323
2018-06-12 00:00:00+00:00,5855.12,5855.12,5500.0,5582.1,1684.44715073
2018-06-13 00:00:00+00:00,5590.1,5638.64,5215.01,5347.29,2767.71396059
2018-06-14 00:00:00+00:00,5348.24,5795.27,5325.33,5745.21,1926.96143285
2018-06-15 00:00:00+00:00,5743.1,5763.77,5493.1,5517.11,1045.87670436
2018-06-16 00:00:00+00:00,5520.38,5643.46,5461.85,5597.82,649.57125399
2018-06-17 00:00:00+00:00,5597.8,5667.37,5540.0,5559.0,444.99253912
2018-06-18 00:00:00+00:00,5563.8,5855.42,5505.76,5764.5,1210.99717979
2018-06-19 00:00:00+00:00,5772.0,5916.32,5740.0,5824.69,995.38247881
2018-06-20 00:00:00+00:00,5822.54,5881.51,5669.07,5832.8,948.89490085
2018-06-21 00:00:00+00:00,5833.0,5880.53,5765.1,5795.87,887.65432452
2018-06-22 00:00:00+00:00,5796.08,5798.0,5101.0,5208.8,2684.08461259
2018-06-23 00:00:00+00:00,5202.17,5392.87,5176.53,5294.39,666.70221435
2018-06-24 00:00:00+00:00,5305.63,5370.19,4899.13,5272.24,2447.75861514
2018-06-25 00:00:00+00:00,5280.13,5440.57,5206.57,5337.1,1430.00848478
2018-06-26 00:00:00+00:00,5346.61,5366.3,5199.49,5223.44,1110.95921884
2018-06-27 00:00:00+00:00,5218.61,5345.0,5163.3,5299.5,1096.91289196
2018-06-28 00:00:00+00:00,5305.06,5325.51,5043.0,5066.6,937.8678224
2018-06-29 00:00:00+00:00,5064.9,5379.99,4970.5,5305.0,1608.0199526
2018-06-30 00:00:00+00:00,5305.0,5560.0,5299.19,5460.0,988.36305799
2018-07-01 00:00:00+00:00,5460.0,5505.75,5335.58,5438.92,1012.98184812
2018-07-02 00:00:00+00:00,5436.63,5750.65,5379.4,5682.0,1656.77005423
2018-07-03 00:00:00+00:00,5682.0,5730.0,5539.77,5565.0,1637.18924545
2018-07-04 00:00:00+00:00,5581.45,5824.0,5483.08,5635.0,1027.2380849
2018-07-05 00:00:00+00:00,5650.9,5748.43,5511.0,5594.93,917.69808147
2018-07-06 00:00:00+00:00,5590.44,5664.88,5505.0,5619.86,741.86362707
2018-07-07 00:00:00+00:00,5626.58,5799.93,5544.03,5758.63,436.41805522
2018-07-08 00:00:00+00:00,5758.63,5773.58,5684.14,5706.01,664.25245602
2018-07-09 00:00:00+00:00,5711.6,5788.0,5634.39,5672.84,868.70629966
2018-07-10 00:00:00+00:00,5672.83,5676.88,5349.0,5382.61,1320.91342091
2018-07-11 00:00:00+00:00,5384.91,5470.81,5355.01,5464.99,839.5552703
2018-07-12 00:00:00+00:00,5471.82,5471.82,5215.0,5357.18,1028.66442805
2018-07-13 00:00:00+00:00,5364.01,5443.69,5251.79,5325.84,948.25943029
2018-07-14 00:00:00+00:00,5322.94,5414.2,5295.09,5358.0,296.64306984
2018-07-15 00:00:00+00:00,5356.18,5469.4,5331.94,5438.19,321.58100574
2018-07-16 00:00:00+00:00,5438.3,5764.9,5408.0,5745.64,2575.38645145
2018-07-17 00:00:00+00:00,5728.13,6400.0,5671.47,6270.44,2160.49248552
2018-07-18 00:00:00+00:00,6269.98,6504.84,6211.0,6324.01,1624.51194562
2018-07-19 00:00:00+00:00,6338.05,6500.0,6250.0,6413.7,1121.65340426
2018-07-20 00:00:00+00:00,6413.28,6576.29,6200.0,6248.34,1146.60818471
2018-07-21 00:00:00+00:00,6258.1,6366.96,6145.98,6324.7,411.93034193
2018-07-22 00:00:00+00:00,6324.0,6455.76,6250.0,6308.19,594.99484419
2018-07-23 00:00:00+00:00,6307.49,6686.0,6282.06,6611.97,1800.50152335
2018-07-24 00:00:00+00:00,6607.7,7250.11,6584.87,7190.31,3025.71785732
2018-07-25 00:00:00+00:00,7195.34,7254.88,6886.0,6964.2,1505.81748075
2018-07-26 00:00:00+00:00,6964.2,7119.0,6745.0,6809.1,1288.9793085
2018-07-27 00:00:00+00:00,6809.1,7099.34,6699.0,7007.34,1307.01955196
2018-07-28 00:00:00+00:00,7010.11,7080.0,6902.01,7066.34,390.11591454
2018-07-29 00:00:00+00:00,7067.58,7107.38,6965.05,7040.66,373.46048983
2018-07-30 00:00:00+00:00,7039.81,7098.81,6710.1,6973.46,1447.36136549
2018-07-31 00:00:00+00:00,6975.0,6975.0,6530.88,6612.77,1758.91195768
2018-08-01 00:00:00+00:00,6615.59,6625.37,6380.0,6521.76,1492.15214059
2018-08-02 00:00:00+00:00,6521.64,6599.99,6416.9,6504.57,749.46630343
2018-08-03 00:00:00+00:00,6504.62,6507.0,6277.0,6407.7,2072.81272986
2018-08-04 00:00:00+00:00,6409.35,6471.15,5988.88,6059.55,986.65473576
2018-08-05 00:00:00+00:00,6058.13,6126.19,5942.68,6079.47,730.88497067
2018-08-06 00:00:00+00:00,6076.01,6182.0,5917.88,6006.44,1082.8534268
2018-08-07 00:00:00+00:00,6000.47,6166.0,5750.22,5789.7,1719.89971587
2018-08-08 00:00:00+00:00,5800.91,5800.91,5280.02,5414.39,2646.28241172
2018-08-09 00:00:00+00:00,5415.0,5766.75,5350.0,5689.96,2050.17321606
2018-08-10 00:00:00+00:00,5688.74,5715.1,5284.92,5394.9,2324.89414456
2018-08-11 00:00:00+00:00,5398.81,5715.0,5280.0,5479.36,1461.09992164
2018-08-12 00:00:00+00:00,5482.04,5709.62,5423.55,5550.52,1562.05601288
2018-08-13 00:00:00+00:00,5543.54,5750.0,5401.0,5494.7,1877.93416049
2018-08-14 00:00:00+00:00,5494.66,5499.99,5150.0,5473.77,3321.4219515
2018-08-15 00:00:00+00:00,5473.77,5850.0,5450.78,5535.05,2652.67993475
2018-08-16 00:00:00+00:00,5537.47,5717.32,5482.0,5565.49,1796.27016714
2018-08-17 00:00:00+00:00,5565.52,5775.0,5534.58,5760.88,1569.42921401
2018-08-18 00:00:00+00:00,5763.53,5796.0,5508.13,5604.78,1073.31330571
2018-08-19 00:00:00+00:00,5602.69,5725.0,5530.01,5675.04,957.38096848
2018-08-20 00:00:00+00:00,5676.63,5709.0,5406.73,5458.68,1764.43088196
2018-08-21 00:00:00+00:00,5458.57,5630.0,5437.01,5598.51,1305.87522699
2018-08-22 00:00:00+00:00,5602.38,5936.03,5377.7,5498.38,2796.28086095
2018-08-23 00:00:00+00:00,5497.12,5689.0,5483.46,5667.62,1410.75230896
2018-08-24 00:00:00+00:00,5661.95,5782.57,5550.32,5748.94,1021.89555676
2018-08-25 00:00:00+00:00,5755.79,5845.0,5721.35,5790.34,655.04502899
2018-08-26 00:00:00+00:00,5792.51,5823.0,5657.94,5761.14,746.17934459
2018-08-27 00:00:00+00:00,5752.43,5935.0,5717.21,5918.2,1372.84383068
2018-08-28 00:00:00+00:00,5912.87,6100.0,5868.64,6054.61,1691.41254771
2018-08-29 00:00:00+00:00,6058.11,6109.61,5912.59,6004.92,1262.96904402
2018-08-30 00:00:00+00:00,6008.09,6036.6,5820.64,5989.22,1525.66153985
2018-08-31 00:00:00+00:00,5989.24,6100.0,5914.42,6038.59,1075.10904795
2018-09-01 00:00:00+00:00,6031.98,6248.0,6031.98,6191.3,858.02491884
2018-09-02 00:00:00+00:00,6191.3,6313.35,6121.05,6289.4,1001.70218859
2018-09-03 00:00:00+00:00,6290.59,6312.49,6195.44,6242.51,937.80382576
2018-09-04 00:00:00+00:00,6242.51,6400.0,6230.0,6349.15,1417.43745678
2018-09-05 00:00:00+00:00,6349.15,6385.0,5720.3,5764.95,2799.50518035
2018-09-06 00:00:00+00:00,5759.83,5770.63,5385.0,5587.54,3226.33509451
2018-09-07 00:00:00+00:00,5608.51,5628.15,5436.67,5549.8,1373.82301143
2018-09-08 00:00:00+00:00,5546.21,5614.99,5317.01,5373.0,1352.41065574
2018-09-09 00:00:00+00:00,5373.99,5587.88,5348.83,5399.08,951.81236285
2018-09-10 00:00:00+00:00,5399.07,5508.66,5378.0,5440.43,1260.16945066
2018-09-11 00:00:00+00:00,5443.97,5534.79,5327.5,5411.54,1506.94363497
2018-09-12 00:00:00+00:00,5418.0,5467.49,5341.91,5449.98,1385.24658978
2018-09-13 00:00:00+00:00,5450.49,5600.27,5439.07,5559.27,1562.33306605
2018-09-14 00:00:00+00:00,5559.99,5634.99,5460.0,5589.31,1069.82509314
2018-09-15 00:00:00+00:00,5586.8,5649.0,5564.06,5621.08,389.74342478
2018-09-16 00:00:00+00:00,5618.1,5619.3,5496.0,5595.4,342.72875647
2018-09-17 00:00:00+00:00,5595.4,5614.16,5310.0,5355.54,1555.91437571
2018-09-18 00:00:00+00:00,5367.55,5459.19,5332.55,5435.67,1273.87010646
2018-09-19 00:00:00+00:00,5432.77,5595.11,5237.25,5477.64,1996.61949352
2018-09-20 00:00:00+00:00,5476.41,5553.86,5382.79,5521.99,1333.21802336
2018-09-21 00:00:00+00:00,5524.1,5783.66,5505.08,5748.16,3037.57674296
2018-09-22 00:00:00+00:00,5748.15,5813.0,5626.0,5718.36,1081.81011235
2018-09-23 00:00:00+00:00,5717.85,5774.2,5665.0,5714.98,695.04125947
2018-09-24 00:00:00+00:00,5700.86,5728.0,5569.96,5607.17,1399.06560517
2018-09-25 00:00:00+00:00,5607.22,5607.22,5390.23,5477.0,2423.71729018
2018-09-26 00:00:00+00:00,5477.0,5600.0,5421.4,5503.0,1803.63945168
2018-09-27 00:00:00+00:00,5503.0,5780.0,5493.23,5754.1,1355.37825786
2018-09-28 00:00:00+00:00,5752.0,5841.98,5630.66,5714.47,1269.91505104
2018-09-29 00:00:00+00:00,5714.47,5714.47,5563.27,5676.98,727.23132018
2018-09-30 00:00:00+00:00,5697.94,5723.93,5610.0,5699.11,905.79062274
2018-10-01 00:00:00+00:00,5697.58,5730.0,5581.61,5688.05,1200.55221361
2018-10-02 00:00:00+00:00,5689.66,5714.99,5600.0,5632.38,1135.74079542
2018-10-03 00:00:00+00:00,5631.5,5649.5,5499.38,5640.17,1508.9133787
2018-10-04 00:00:00+00:00,5640.17,5750.0,5622.57,5681.2,1058.23200504
2018-10-05 00:00:00+00:00,5692.19,5767.0,5656.7,5730.87,1017.95867828
2018-10-06 00:00:00+00:00,5723.84,5731.09,5573.0,5711.35,2677.66139714
2018-10-07 00:00:00+00:00,5707.99,6650.0,4941.39,5708.96,3988.34452841
2018-10-08 00:00:00+00:00,5708.96,5811.38,5687.38,5751.9,1409.17061196
2018-10-09 00:00:00+00:00,5763.45,5776.05,5720.41,5740.0,816.33874754
2018-10-10 00:00:00+00:00,5739.98,5739.98,5615.98,5679.09,1345.96216593
2018-10-11 00:00:00+00:00,5678.58,5678.58,5284.0,5330.55,3027.79928161
2018-10-12 00:00:00+00:00,5330.54,5407.86,5281.48,5371.0,1176.75554394
2018-10-13 00:00:00+00:00,5371.0,5409.28,5362.0,5395.85,326.08374155
2018-10-14 00:00:00+00:00,5395.85,5454.1,5325.29,5353.53,532.75268421
2018-10-15 00:00:00+00:00,5367.08,5850.0,5326.6,5558.19,4771.1450887
2018-10-16 00:00:00+00:00,5560.99,5624.7,5531.5,5582.58,1171.55876533
2018-10-17 00:00:00+00:00,5592.65,5622.62,5547.19,5620.24,891.77969457
2018-10-18 00:00:00+00:00,5618.69,5639.99,5550.09,5592.65,1158.6059828
2018-10-19 00:00:00+00:00,5597.67,5605.08,5548.0,5551.0,929.08855395
2018-10-20 00:00:00+00:00,5559.51,5598.99,5530.01,5577.9,279.64450501
2018-10-21 00:00:00+00:00,5577.89,5623.12,5564.78,5580.11,360.15892588
2018-10-22 00:00:00+00:00,5580.1,5613.6,5551.89,5592.4,1268.46661111
2018-10-23 00:00:00+00:00,5601.39,5608.05,5553.89,5574.58,922.51137966
2018-10-24 00:00:00+00:00,5574.58,5663.0,5574.58,5636.68,947.34131824
2018-10-25 00:00:00+00:00,5636.67,5649.99,5583.3,5622.5,967.23869321
2018-10-26 00:00:00+00:00,5630.32,5669.99,5607.19,5630.5,760.5030246
2018-10-27 00:00:00+00:00,5630.37,5649.45,5610.01,5634.35,251.37101259
2018-10-28 00:00:00+00:00,5643.0,5644.42,5610.0,5632.3,408.80561776
2018-10-29 00:00:00+00:00,5632.24,5643.51,5450.0,5509.99,1556.38952737
2018-10-30 00:00:00+00:00,5509.99,5549.18,5498.51,5533.0,919.89819004
2018-10-31 00:00:00+00:00,5533.0,5614.59,5480.95,5575.3,722.40512394
2018-11-01 00:00:00+00:00,5575.3,5583.75,5524.0,5566.98,354.43608952
2018-11-02 00:00:00+00:00,5566.99,5595.0,5534.03,5580.0,1098.43846949
2018-11-03 00:00:00+00:00,5580.0,5582.43,5525.79,5572.03,277.79794099
2018-11-04 00:00:00+00:00,5572.03,5674.0,5538.08,5634.82,606.71283916
2018-11-05 00:00:00+00:00,5634.82,5649.0,5578.42,5626.2,619.72105255
2018-11-06 00:00:00+00:00,5621.12,5655.0,5593.52,5644.97,1157.83725147
2018-11-07 00:00:00+00:00,5649.66,5738.98,5634.03,5685.17,1241.64183647
2018-11-08 00:00:00+00:00,5695.86,5699.99,5600.0,5640.55,672.87184565
2018-11-09 00:00:00+00:00,5640.26,5663.61,5559.01,5591.99,913.72998856
2018-11-10 00:00:00+00:00,5591.99,5630.0,5581.51,5601.88,314.41101562
2018-11-11 00:00:00+00:00,5601.88,5621.21,5547.02,5621.21,422.17331302
2018-11-12 00:00:00+00:00,5620.76,5664.64,5608.81,5632.5,755.21663752
2018-11-13 00:00:00+00:00,5639.98,5639.99,5546.91,5546.91,873.82949287
2018-11-14 00:00:00+00:00,5556.04,5586.55,4679.0,4977.0,5143.11225116
2018-11-15 00:00:00+00:00,4970.31,5009.55,4613.8,4926.4,3270.83586041
2018-11-16 00:00:00+00:00,4926.4,4953.93,4740.34,4825.0,1613.79863057
2018-11-17 00:00:00+00:00,4832.84,4863.32,4779.01,4823.0,637.55094211
2018-11-18 00:00:00+00:00,4832.0,4953.08,4819.44,4867.59,419.8645317
2018-11-19 00:00:00+00:00,4875.0,4880.31,4101.0,4134.31,5122.33486616
2018-11-20 00:00:00+00:00,4144.92,4282.16,3557.02,3830.96,7806.31111708
2018-11-21 00:00:00+00:00,3843.95,4074.91,3732.94,3987.11,4216.96052237
2018-11-22 00:00:00+00:00,3989.97,4030.0,3708.04,3739.7,2403.54637313
2018-11-23 00:00:00+00:00,3739.7,3835.69,3600.0,3793.14,2203.93654031
2018-11-24 00:00:00+00:00,3790.86,3859.99,3204.81,3352.66,3173.96962541
2018-11-25 00:00:00+00:00,3351.95,3630.0,3033.17,3482.76,5384.86305633
2018-11-26 00:00:00+00:00,3482.73,3590.0,3113.22,3281.33,5884.57103435
2018-11-27 00:00:00+00:00,3296.02,3400.0,3154.64,3349.43,3375.13781655
2018-11-28 00:00:00+00:00,3337.22,3853.13,3337.18,3720.16,3747.66999361
2018-11-29 00:00:00+00:00,3725.45,3889.11,3590.95,3736.05,2432.31097934
2018-11-30 00:00:00+00:00,3735.92,3779.95,3399.37,3512.88,2251.64351151
2018-12-01 00:00:00+00:00,3522.65,3770.0,3454.93,3672.74,1229.51968733
2018-12-02 00:00:00+00:00,3672.73,3769.99,3565.0,3618.1,784.87644368
2018-12-03 00:00:00+00:00,3622.87,3634.58,3300.0,3386.72,2853.59596247
2018-12-04 00:00:00+00:00,3386.41,3642.0,3270.0,3449.97,2962.0388804
2018-12-05 00:00:00+00:00,3449.97,3459.41,3239.39,3259.87,1792.27640146
2018-12-06 00:00:00+00:00,3256.73,3399.39,3030.0,3030.0,3857.70810913
2018-12-07 00:00:00+00:00,3034.17,3199.99,2822.35,2977.11,4493.93009328
2018-12-08 00:00:00+00:00,2972.69,3110.08,2860.48,2991.36,1743.34383791
2018-12-09 00:00:00+00:00,2995.0,3200.0,2976.0,3105.6,1179.79033402
2018-12-10 00:00:00+00:00,3105.49,3151.81,2961.25,3011.0,2008.16466457
2018-12-11 00:00:00+00:00,3014.5,3020.0,2917.76,2966.69,1751.40858511
2018-12-12 00:00:00+00:00,2965.11,3095.0,2938.07,3023.77,2280.66540591
2018-12-13 00:00:00+00:00,3023.54,3029.99,2834.84,2879.73,2687.60112341
2018-12-14 00:00:00+00:00,2878.98,2907.0,2780.0,2832.92,2304.02881349
2018-12-15 00:00:00+00:00,2832.61,2861.0,2773.36,2819.0,700.04576226
2018-12-16 00:00:00+00:00,2824.5,2889.49,2817.3,2835.0,549.69356843
2018-12-17 00:00:00+00:00,2834.19,3172.02,2822.58,3095.61,3004.94002903
2018-12-18 00:00:00+00:00,3094.49,3244.62,3016.51,3233.39,2738.21449807
2018-12-19 00:00:00+00:00,3235.85,3463.42,3201.0,3231.01,3993.8794164
2018-12-20 00:00:00+00:00,3242.16,3654.94,3220.0,3566.56,3839.81125781
2018-12-21 00:00:00+00:00,3553.88,3638.0,3319.7,3386.65,2730.30342092
2018-12-22 00:00:00+00:00,3386.62,3530.0,3338.39,3510.7,783.85726963
2018-12-23 00:00:00+00:00,3512.0,3584.0,3449.35,3475.98,643.55035049
2018-12-24 00:00:00+00:00,3486.67,3726.09,3476.2,3550.0,2730.10494144
2018-12-25 00:00:00+00:00,3554.04,3560.38,3257.0,3321.0,1645.00355954
2018-12-26 00:00:00+00:00,3334.72,3398.79,3252.0,3368.53,843.74147039
2018-12-27 00:00:00+00:00,3370.28,3389.53,3130.0,3154.93,2727.18392303
2018-12-28 00:00:00+00:00,3156.97,3466.66,3140.0,3416.39,2860.06222629
2018-12-29 00:00:00+00:00,3416.37,3464.3,3245.74,3262.73,2102.03617016
2018-12-30 00:00:00+00:00,3278.34,3400.0,3238.62,3373.8,731.08640058
2018-12-31 00:00:00+00:00,3373.8,3373.8,3195.91,3233.87,2074.48528756
2019-01-01 00:00:00+00:00,3233.87,3347.55,3195.0,3342.3,715.11531146
2019-01-02 00:00:00+00:00,3343.81,3454.4,3296.74,3433.28,1119.02516755
2019-01-03 00:00:00+00:00,3445.36,3445.36,3307.05,3325.58,2205.69894119
2019-01-04 00:00:00+00:00,3333.83,3385.0,3286.61,3358.75,1649.71410764
2019-01-05 00:00:00+00:00,3366.7,3412.0,3333.0,3343.0,430.07214292
2019-01-06 00:00:00+00:00,3349.99,3580.26,3312.81,3550.0,817.53972625
2019-01-07 00:00:00+00:00,3549.7,3576.13,3467.57,3497.11,1679.62120952
2019-01-08 00:00:00+00:00,3498.68,3612.08,3450.0,3495.52,2099.35870521
2019-01-09 00:00:00+00:00,3497.83,3541.8,3450.0,3468.34,1711.69087024
2019-01-10 00:00:00+00:00,3460.6,3499.99,3122.22,3164.33,6263.3548287
2019-01-11 00:00:00+00:00,3164.73,3261.35,3121.45,3184.45,2176.33557694
2019-01-12 00:00:00+00:00,3184.3,3193.33,3130.0,3174.28,651.90477941
2019-01-13 00:00:00+00:00,3174.0,3187.0,3045.79,3074.84,935.38202074
2019-01-14 00:00:00+00:00,3072.4,3239.18,3066.04,3193.0,1774.78495706
2019-01-15 00:00:00+00:00,3202.08,3217.42,3119.0,3146.99,2119.71750467
2019-01-16 00:00:00+00:00,3146.95,3228.7,3138.5,3167.0,2248.91603088
2019-01-17 00:00:00+00:00,3168.0,3211.44,3119.0,3195.36,1941.13374663
2019-01-18 00:00:00+00:00,3203.0,3203.01,3149.48,3188.1,1712.28065543
2019-01-19 00:00:00+00:00,3188.02,3304.87,3173.42,3249.89,683.1162452
2019-01-20 00:00:00+00:00,3248.67,3260.84,3054.9,3116.61,1193.86767511
2019-01-21 00:00:00+00:00,3117.61,3145.77,3080.5,3114.22,1792.35379524
2019-01-22 00:00:00+00:00,3119.72,3179.73,3031.0,3154.05,1813.67323776
2019-01-23 00:00:00+00:00,3147.27,3189.76,3100.54,3120.81,1841.42318751
2019-01-24 00:00:00+00:00,3128.1,3184.4,3105.0,3163.77,1766.34634128
2019-01-25 00:00:00+00:00,3163.16,3168.35,3108.1,3134.66,1713.65564257
2019-01-26 00:00:00+00:00,3134.39,3207.29,3112.0,3122.47,713.5546976
2019-01-27 00:00:00+00:00,3122.63,3132.46,3055.0,3105.98,516.8311823
2019-01-28 00:00:00+00:00,3105.89,3105.89,2959.0,3005.0,1803.70940992
2019-01-29 00:00:00+00:00,3005.0,3009.99,2926.22,2973.7,2345.3918678
2019-01-30 00:00:00+00:00,2977.39,3051.29,2955.16,2999.6,1998.93053413
2019-01-31 00:00:00+00:00,2999.62,3025.0,2963.63,2980.74,2312.755609
2019-02-01 00:00:00+00:00,2983.91,3017.52,2953.0,3002.52,1327.52525302
2019-02-02 00:00:00+00:00,3003.18,3037.96,2979.97,3028.84,622.52438163
2019-02-03 00:00:00+00:00,3029.68,3032.61,2961.7,2987.32,499.33110012
2019-02-04 00:00:00+00:00,2985.55,3007.1,2969.0,2990.31,993.53957004
2019-02-05 00:00:00+00:00,2987.14,3012.44,2975.0,3009.96,1287.130841
2019-02-06 00:00:00+00:00,3009.99,3022.97,2933.33,2967.86,1619.51553187
2019-02-07 00:00:00+00:00,2967.16,2986.9,2955.99,2962.08,1145.69363257
2019-02-08 00:00:00+00:00,2967.25,3282.94,2951.15,3197.4,2527.88638875
2019-02-09 00:00:00+00:00,3199.99,3216.19,3172.06,3201.39,641.98842787
2019-02-10 00:00:00+00:00,3201.4,3230.97,3160.03,3224.5,478.51197243
2019-02-11 00:00:00+00:00,3228.12,3228.12,3168.0,3192.98,1425.70033494
2019-02-12 00:00:00+00:00,3192.98,3195.0,3142.28,3173.57,1520.12033664
2019-02-13 00:00:00+00:00,3173.56,3199.52,3152.22,3181.0,1352.47688262
2019-02-14 00:00:00+00:00,3180.66,3189.99,3141.4,3157.64,1051.41809893
2019-02-15 00:00:00+00:00,3159.95,3211.58,3152.0,3169.7,1090.00860678
2019-02-16 00:00:00+00:00,3167.32,3200.71,3161.46,3182.0,506.12619003
2019-02-17 00:00:00+00:00,3177.96,3258.0,3158.05,3216.62,545.98257641
2019-02-18 00:00:00+00:00,3216.63,3469.0,3206.16,3426.93,2269.40181043
2019-02-19 00:00:00+00:00,3427.56,3523.47,3403.23,3438.21,1837.82389108
2019-02-20 00:00:00+00:00,3431.02,3497.09,3410.21,3480.48,1204.18779617
2019-02-21 00:00:00+00:00,3479.33,3522.25,3410.72,3442.83,1149.31218868
2019-02-22 00:00:00+00:00,3442.83,3492.07,3430.36,3483.18,952.11301235
2019-02-23 00:00:00+00:00,3483.18,3673.0,3452.51,3633.5,1345.38604433
2019-02-24 00:00:00+00:00,3633.51,3694.7,3276.36,3301.3,1980.71375115
2019-02-25 00:00:00+00:00,3302.32,3406.99,3299.48,3366.83,1430.73549551
2019-02-26 00:00:00+00:00,3367.63,3376.73,3315.0,3332.54,1281.02919798
2019-02-27 00:00:00+00:00,3339.12,3363.11,3226.29,3339.99,1696.06968755
2019-02-28 00:00:00+00:00,3339.99,3420.83,3307.39,3336.27,1417.83692422
2019-03-01 00:00:00+00:00,3340.11,3386.04,3336.27,3357.06,959.97370098
2019-03-02 00:00:00+00:00,3356.97,3367.2,3303.48,3359.0,438.96215877
2019-03-03 00:00:00+00:00,3364.78,3369.96,3311.0,3336.5,273.72853943
2019-03-04 00:00:00+00:00,3336.49,3350.79,3239.0,3272.14,1253.05165732
2019-03-05 00:00:00+00:00,3272.14,3426.25,3261.13,3403.82,1380.43032834
2019-03-06 00:00:00+00:00,3403.82,3444.64,3370.25,3407.56,1324.99684175
2019-03-07 00:00:00+00:00,3408.9,3472.15,3385.0,3450.12,1593.4246972
2019-03-08 00:00:00+00:00,3450.13,3487.98,3350.0,3426.17,1746.16994547
2019-03-09 00:00:00+00:00,3426.16,3510.0,3415.53,3485.87,856.36435666
2019-03-10 00:00:00+00:00,3485.87,3488.26,3441.79,3473.73,339.58089042
2019-03-11 00:00:00+00:00,3473.78,3483.91,3398.01,3421.05,811.51968992
2019-03-12 00:00:00+00:00,3427.14,3444.0,3373.38,3426.72,1988.7968746
2019-03-13 00:00:00+00:00,3426.69,3434.74,3387.67,3405.16,1364.32766013
2019-03-14 00:00:00+00:00,3404.98,3450.0,3351.0,3406.7,1149.68522433
2019-03-15 00:00:00+00:00,3410.97,3455.69,3401.02,3445.0,1026.41973101
2019-03-16 00:00:00+00:00,3449.64,3563.48,3445.0,3524.3,1256.80555073
2019-03-17 00:00:00+00:00,3524.26,3527.94,3475.0,3506.43,642.7860911
2019-03-18 00:00:00+00:00,3506.2,3547.02,3469.29,3509.62,854.72634809
2019-03-19 00:00:00+00:00,3509.62,3538.19,3481.4,3524.32,1262.41010073
2019-03-20 00:00:00+00:00,3524.82,3542.67,3498.0,3531.65,1011.19290143
2019-03-21 00:00:00+00:00,3529.7,3566.0,3450.01,3502.43,1009.33374952
2019-03-22 00:00:00+00:00,3501.35,3548.22,3481.02,3525.19,1083.85300341
2019-03-23 00:00:00+00:00,3531.43,3544.67,3504.6,3525.0,492.6124227
2019-03-24 00:00:00+00:00,3525.0,3525.0,3488.63,3518.99,269.56573274
2019-03-25 00:00:00+00:00,3518.67,3523.99,3420.0,3462.28,1411.56549253
2019-03-26 00:00:00+00:00,3463.02,3485.05,3442.21,3478.43,870.85233282
2019-03-27 00:00:00+00:00,3478.43,3593.53,3472.04,3581.7,1842.9151179
2019-03-28 00:00:00+00:00,3575.01,3582.73,3548.0,3573.0,1050.29596394
2019-03-29 00:00:00+00:00,3573.0,3654.48,3569.0,3649.94,1322.30598115
2019-03-30 00:00:00+00:00,3649.95,3682.0,3600.61,3648.8,572.33938248
2019-03-31 00:00:00+00:00,3654.49,3661.17,3634.6,3651.3,414.2562388
2019-04-01 00:00:00+00:00,3651.3,3704.86,3608.03,3693.18,1479.42010179
2019-04-02 00:00:00+00:00,3699.51,4528.06,3691.67,4380.73,5410.19207875
2019-04-03 00:00:00+00:00,4380.58,4767.0,4280.0,4426.0,4759.45740531
2019-04-04 00:00:00+00:00,4435.74,4517.15,4250.73,4372.0,2139.44482381
2019-04-05 00:00:00+00:00,4380.18,4534.03,4353.32,4488.11,1533.57402089
2019-04-06 00:00:00+00:00,4498.91,4670.95,4327.75,4488.97,1410.75616906
2019-04-07 00:00:00+00:00,4505.55,4693.83,4481.91,4638.75,1103.48552057
2019-04-08 00:00:00+00:00,4639.13,4770.0,4567.23,4708.6,2636.53597513
2019-04-09 00:00:00+00:00,4704.75,4705.65,4576.06,4615.35,1612.03246792
2019-04-10 00:00:00+00:00,4615.7,4854.68,4596.0,4724.99,2312.11664772
2019-04-11 00:00:00+00:00,4723.64,4744.18,4416.91,4484.96,2893.28641248
2019-04-12 00:00:00+00:00,4485.4,4533.78,4355.0,4494.9,1405.50888501
2019-04-13 00:00:00+00:00,4502.75,4536.77,4469.01,4501.51,647.06044489
2019-04-14 00:00:00+00:00,4503.35,4585.8,4457.84,4564.43,367.73496151
2019-04-15 00:00:00+00:00,4573.38,4597.37,4384.56,4460.58,1365.28757602
2019-04-16 00:00:00+00:00,4457.51,4637.3,4443.38,4616.04,1494.37175833
2019-04-17 00:00:00+00:00,4616.04,4666.9,4583.06,4630.0,1176.93156827
2019-04-18 00:00:00+00:00,4630.43,4741.69,4624.59,4698.01,1304.92639124
2019-04-19 00:00:00+00:00,4705.22,4771.06,4625.0,4717.06,807.2881454
2019-04-20 00:00:00+00:00,4717.06,4778.59,4681.37,4741.59,353.16013383
2019-04-21 00:00:00+00:00,4743.25,4761.63,4650.0,4725.65,507.12966458
2019-04-22 00:00:00+00:00,4727.65,4840.57,4676.07,4783.83,990.49869228
2019-04-23 00:00:00+00:00,4789.01,5022.39,4772.61,4941.94,1820.56137376
2019-04-24 00:00:00+00:00,4941.94,5019.96,4825.0,4885.84,1519.08822686
2019-04-25 00:00:00+00:00,4887.99,4960.82,4486.5,4619.73,2661.94174636
2019-04-26 00:00:00+00:00,4621.62,4779.93,4524.5,4623.42,2384.45820634
2019-04-27 00:00:00+00:00,4628.95,4691.81,4590.05,4652.02,629.18864148
2019-04-28 00:00:00+00:00,4653.09,4690.0,4585.0,4629.44,611.06682287
2019-04-29 00:00:00+00:00,4629.43,4653.61,4551.0,4601.51,1359.86366555
2019-04-30 00:00:00+00:00,4609.32,4717.62,4583.94,4699.87,1344.21419865
2019-05-01 00:00:00+00:00,4699.87,4766.36,4694.36,4757.96,897.46118201
2019-05-02 00:00:00+00:00,4757.71,4850.0,4737.37,4825.5,1111.2990158
2019-05-03 00:00:00+00:00,4829.07,5189.22,4806.07,5055.0,3052.75695649
2019-05-04 00:00:00+00:00,5055.0,5198.0,4926.45,5143.61,1359.93013744
2019-05-05 00:00:00+00:00,5150.28,5170.0,5026.03,5115.93,623.08695456
2019-05-06 00:00:00+00:00,5114.18,5136.96,4975.0,5082.0,1625.06671896
2019-05-07 00:00:00+00:00,5082.0,5336.27,5080.36,5143.95,2423.55066486
2019-05-08 00:00:00+00:00,5147.28,5349.0,5063.63,5297.89,1620.6361253
2019-05-09 00:00:00+00:00,5311.08,5500.0,5292.56,5471.88,1717.59644985
2019-05-10 00:00:00+00:00,5487.32,5715.0,5439.49,5661.65,2085.88690966
2019-05-11 00:00:00+00:00,5653.97,6587.73,5650.83,6355.45,3890.11023073
2019-05-12 00:00:00+00:00,6355.07,6749.94,6000.0,6200.79,4856.65829443
2019-05-13 00:00:00+00:00,6200.79,7284.82,6114.24,6967.95,5381.09793166
2019-05-14 00:00:00+00:00,6972.36,7438.7,6755.61,7137.92,4827.00393926
2019-05-15 00:00:00+00:00,7127.44,7400.0,6991.0,7326.34,2961.72740877
2019-05-16 00:00:00+00:00,7325.59,7490.0,6847.68,7059.81,3081.42857494
2019-05-17 00:00:00+00:00,7059.81,7102.77,6000.0,6600.0,4113.40809257
2019-05-18 00:00:00+00:00,6600.0,6728.49,6481.17,6551.95,1000.85711712
2019-05-19 00:00:00+00:00,6521.48,7436.28,6521.47,7349.76,1859.38962196
2019-05-20 00:00:00+00:00,7349.54,7349.54,6800.0,7177.33,1970.19235569
2019-05-21 00:00:00+00:00,7165.29,7271.62,7007.77,7135.7,1691.6363157
2019-05-22 00:00:00+00:00,7135.62,7209.0,6671.9,6855.24,1586.56768502
2019-05-23 00:00:00+00:00,6846.56,7133.96,6711.11,7045.2,1612.58772265
2019-05-24 00:00:00+00:00,7045.2,7302.0,6983.42,7159.88,1348.41865068
2019-05-25 00:00:00+00:00,7159.88,7282.56,7099.0,7219.0,370.47918999
2019-05-26 00:00:00+00:00,7219.0,7830.9,7050.3,7794.44,1837.28404212
2019-05-27 00:00:00+00:00,7788.75,7974.0,7706.63,7842.98,2372.6859581
2019-05-28 00:00:00+00:00,7845.9,7887.17,7630.65,7799.66,1421.24794316
2019-05-29 00:00:00+00:00,7815.06,7874.53,7550.0,7776.28,1435.18766024
2019-05-30 00:00:00+00:00,7776.84,8168.97,7200.0,7450.0,2864.87470669
2019-05-31 00:00:00+00:00,7450.0,7700.0,7300.0,7685.73,1641.78799478
2019-06-01 00:00:00+00:00,7685.73,7730.25,7574.27,7666.55,437.26242456
2019-06-02 00:00:00+00:00,7666.55,7900.13,7640.31,7825.0,826.0843013
2019-06-03 00:00:00+00:00,7825.0,7830.21,7150.0,7221.15,1799.55047249
2019-06-04 00:00:00+00:00,7226.45,7226.45,6611.19,6819.0,2867.65472596
2019-06-05 00:00:00+00:00,6810.25,7059.96,6744.19,6935.98,1223.81250825
2019-06-06 00:00:00+00:00,6930.9,7012.68,6610.0,6914.42,1007.87309281
2019-06-07 00:00:00+00:00,6927.55,7182.57,6880.6,7070.02,1257.19293735
2019-06-08 00:00:00+00:00,7071.17,7117.88,6876.0,7022.8,349.91940014
2019-06-09 00:00:00+00:00,7022.8,7037.79,6670.78,6756.07,537.77208724
2019-06-10 00:00:00+00:00,6761.13,7150.0,6668.0,7091.33,1122.99478262
2019-06-11 00:00:00+00:00,7091.33,7120.0,6816.8,6992.7,1041.35143575
2019-06-12 00:00:00+00:00,6992.7,7321.0,6905.0,7234.82,1434.34258928
2019-06-13 00:00:00+00:00,7232.71,7400.0,7129.42,7301.41,1128.2924782
2019-06-14 00:00:00+00:00,7300.72,7797.99,7265.9,7773.09,1197.17992728
2019-06-15 00:00:00+00:00,7772.6,7937.19,7692.79,7891.43,747.93543457
2019-06-16 00:00:00+00:00,7891.43,8379.98,7831.69,8004.47,2404.81805672
2019-06-17 00:00:00+00:00,8008.32,8447.0,8008.32,8323.92,1792.95390619
2019-06-18 00:00:00+00:00,8324.09,8338.17,7980.01,8105.2,1624.33206014
2019-06-19 00:00:00+00:00,8121.01,8295.0,8067.35,8269.89,927.34091381
2019-06-20 00:00:00+00:00,8267.65,8518.61,8160.0,8433.95,1676.98019604
2019-06-21 00:00:00+00:00,8452.11,9000.0,8434.26,8999.99,1873.87207171
2019-06-22 00:00:00+00:00,8999.99,9870.0,8867.43,9378.39,3715.41355188
2019-06-23 00:00:00+00:00,9397.65,9897.0,9209.04,9525.19,1869.84200916
2019-06-24 00:00:00+00:00,9531.43,9749.1,9254.12,9675.27,1953.36623377
2019-06-25 00:00:00+00:00,9692.73,10370.0,9651.66,10357.18,3600.05417076
2019-06-26 00:00:00+00:00,10328.84,12195.0,9850.0,11376.18,7879.8176372
2019-06-27 00:00:00+00:00,11342.31,11715.61,9001.01,9790.0,7147.00743914
2019-06-28 00:00:00+00:00,9789.99,10920.0,9432.09,10870.27,3231.00400518
2019-06-29 00:00:00+00:00,10863.49,10864.1,9950.07,10432.8,1781.68027933
2019-06-30 00:00:00+00:00,10449.24,10698.0,9320.0,9462.07,1702.94331625
2019-07-01 00:00:00+00:00,9461.83,9843.94,8806.17,9308.08,2974.52768574
2019-07-02 00:00:00+00:00,9350.04,9685.95,8504.18,9585.84,3793.33890993
2019-07-03 00:00:00+00:00,9599.59,10651.48,9590.69,10604.46,3401.97478104
2019-07-04 00:00:00+00:00,10622.99,10679.21,9794.36,9896.55,2222.72578508
2019-07-05 00:00:00+00:00,9890.52,10233.53,9561.01,9798.88,2104.77121257
2019-07-06 00:00:00+00:00,9816.28,10444.46,9785.23,10024.36,1160.0544637
2019-07-07 00:00:00+00:00,10010.0,10365.0,9867.61,10206.65,1082.22336185
2019-07-08 00:00:00+00:00,10226.36,11061.38,10100.5,10974.07,2103.13487306
2019-07-09 00:00:00+00:00,10974.07,11465.56,10830.0,11227.67,2934.04830356
2019-07-10 00:00:00+00:00,11232.41,11747.49,10226.41,10779.98,4650.205775
2019-07-11 00:00:00+00:00,10764.17,10764.18,9710.67,10089.99,3202.5415789
2019-07-12 00:00:00+00:00,10090.01,10595.0,9824.22,10492.41,1247.45867958
2019-07-13 00:00:00+00:00,10492.57,10519.97,9623.0,10121.29,1342.55899049
2019-07-14 00:00:00+00:00,10119.2,10180.0,8969.99,9044.46,1731.00496854
2019-07-15 00:00:00+00:00,9062.76,9854.87,8764.0,9635.14,2343.66821002
2019-07-16 00:00:00+00:00,9658.34,9817.69,8355.0,8399.53,3367.47470564
2019-07-17 00:00:00+00:00,8421.05,8913.61,8090.0,8648.16,2880.2883126
2019-07-18 00:00:00+00:00,8658.17,9599.1,8275.0,9469.19,2583.36668914
2019-07-19 00:00:00+00:00,9469.2,9589.0,8996.77,9405.59,1928.07040351
2019-07-20 00:00:00+00:00,9405.57,9929.7,9230.0,9590.37,1237.89788429
2019-07-21 00:00:00+00:00,9610.89,9666.75,9202.17,9449.01,861.13482861
2019-07-22 00:00:00+00:00,9459.04,9532.66,8989.19,9203.18,1435.23574607
2019-07-23 00:00:00+00:00,9228.9,9228.9,8800.0,8800.02,1373.22506712
2019-07-24 00:00:00+00:00,8852.69,8924.6,8540.0,8766.97,1770.99264351
2019-07-25 00:00:00+00:00,8779.92,9149.9,8740.04,8880.57,1192.07107953
2019-07-26 00:00:00+00:00,8882.42,8909.99,8652.68,8853.45,1029.87874607
2019-07-27 00:00:00+00:00,8837.15,9183.0,8355.0,8529.85,1557.62803242
2019-07-28 00:00:00+00:00,8529.83,8675.37,8200.0,8563.17,649.47252795
2019-07-29 00:00:00+00:00,8579.21,8740.7,8400.1,8529.57,981.30332694
2019-07-30 00:00:00+00:00,8529.8,8770.6,8403.69,8591.3,915.80074857
2019-07-31 00:00:00+00:00,8604.43,9120.0,8590.5,9113.98,1354.6061531
2019-08-01 00:00:00+00:00,9113.96,9470.41,8952.45,9390.14,1215.76177488
2019-08-02 00:00:00+00:00,9400.0,9612.85,9310.29,9486.44,1275.87927464
2019-08-03 00:00:00+00:00,9486.15,9830.52,9457.59,9740.0,679.11780469
2019-08-04 00:00:00+00:00,9731.93,9969.88,9501.21,9886.47,873.4752048
2019-08-05 00:00:00+00:00,9886.42,10662.01,9886.42,10475.0,2143.22612486
2019-08-06 00:00:00+00:00,10515.28,11000.0,10009.66,10232.75,2850.48384057
2019-08-07 00:00:00+00:00,10220.91,10843.35,10150.02,10698.34,1939.84782876
2019-08-08 00:00:00+00:00,10701.12,10778.93,10243.25,10714.91,1187.62439203
2019-08-09 00:00:00+00:00,10712.69,10757.77,10372.76,10580.4,1285.97609947
2019-08-10 00:00:00+00:00,10596.28,10680.62,10030.0,10089.74,1189.30697889
2019-08-11 00:00:00+00:00,10071.67,10341.0,9902.55,10317.33,752.22256733
2019-08-12 00:00:00+00:00,10280.13,10304.16,10030.05,10157.36,786.89658606
2019-08-13 00:00:00+00:00,10157.36,10211.93,9600.0,9713.82,1369.60654923
2019-08-14 00:00:00+00:00,9720.08,9720.08,8868.7,8985.93,2285.19919125
2019-08-15 00:00:00+00:00,8985.1,9414.32,8500.0,9281.09,3195.62873964
2019-08-16 00:00:00+00:00,9281.09,9504.0,8763.37,9348.44,1771.88586854
2019-08-17 00:00:00+00:00,9330.65,9455.25,9004.0,9215.49,563.19432752
2019-08-18 00:00:00+00:00,9220.82,9490.0,9095.0,9320.98,473.77763155
2019-08-19 00:00:00+00:00,9308.63,9866.0,9254.05,9854.03,1145.76862899
2019-08-20 00:00:00+00:00,9854.03,9890.0,9534.16,9695.0,913.37116351
2019-08-21 00:00:00+00:00,9695.0,9730.84,8872.25,9148.86,2324.24854883
2019-08-22 00:00:00+00:00,9150.75,9239.45,8800.0,9134.42,1504.78917724
2019-08-23 00:00:00+00:00,9123.65,9446.0,9050.0,9349.31,1171.0047618
2019-08-24 00:00:00+00:00,9355.18,9365.68,8877.61,9118.0,686.23347788
2019-08-25 00:00:00+00:00,9127.97,9300.0,8900.0,9102.55,630.92399089
2019-08-26 00:00:00+00:00,9102.55,9575.28,9102.55,9339.17,1275.22547369
2019-08-27 00:00:00+00:00,9346.1,9358.64,9038.11,9179.51,1064.94782705
2019-08-28 00:00:00+00:00,9186.74,9322.42,8558.74,8786.58,1876.31759448
2019-08-29 00:00:00+00:00,8786.58,8786.58,8421.0,8575.1,1453.56171931
2019-08-30 00:00:00+00:00,8600.4,8847.59,8459.42,8738.96,1259.23597928
2019-08-31 00:00:00+00:00,8729.85,8835.18,8602.12,8765.54,566.77463011
2019-09-01 00:00:00+00:00,8755.71,8958.48,8685.0,8893.97,558.26770367
2019-09-02 00:00:00+00:00,8893.95,9584.97,8878.92,9479.61,1859.28196048
2019-09-03 00:00:00+00:00,9478.49,9836.78,9391.41,9691.64,1931.98695467
2019-09-04 00:00:00+00:00,9677.38,9825.65,9412.97,9581.73,1553.61188895
2019-09-05 00:00:00+00:00,9581.73,9652.0,9463.54,9597.34,833.48469769
2019-09-06 00:00:00+00:00,9597.32,9928.65,9234.0,9349.79,2384.15062181
2019-09-07 00:00:00+00:00,9349.8,9596.83,9349.8,9510.07,454.33307891
2019-09-08 00:00:00+00:00,9503.0,9604.99,9280.0,9457.83,613.92750141
2019-09-09 00:00:00+00:00,9457.83,9550.0,9113.71,9353.57,1034.67673269
2019-09-10 00:00:00+00:00,9351.12,9410.62,8974.33,9160.14,1035.15205312
2019-09-11 00:00:00+00:00,9144.21,9324.05,8932.73,9240.44,989.35708359
2019-09-12 00:00:00+00:00,9238.65,9462.5,9125.04,9427.3,1177.15815993
2019-09-13 00:00:00+00:00,9427.3,9450.0,9163.65,9360.0,794.82886976
2019-09-14 00:00:00+00:00,9357.27,9432.4,9233.87,9367.51,351.24704742
2019-09-15 00:00:00+00:00,9360.46,9392.78,9273.97,9318.75,343.02233424
2019-09-16 00:00:00+00:00,9318.75,9415.29,9165.0,9338.78,836.82965976
2019-09-17 00:00:00+00:00,9327.75,9342.08,9183.15,9202.53,946.03042601
2019-09-18 00:00:00+00:00,9198.08,9271.36,9138.56,9217.28,776.51626189
2019-09-19 00:00:00+00:00,9218.07,9401.0,8722.01,9300.2,2049.70334969
2019-09-20 00:00:00+00:00,9320.0,9334.82,9152.0,9241.08,775.82303746
2019-09-21 00:00:00+00:00,9242.3,9242.3,9015.0,9072.07,608.56275456
2019-09-22 00:00:00+00:00,9074.28,9169.85,8951.0,9109.0,433.15028743
2019-09-23 00:00:00+00:00,9118.93,9134.65,8753.01,8820.56,1097.07939611
2019-09-24 00:00:00+00:00,8817.0,8912.98,7251.78,7759.08,5368.96444048
2019-09-25 00:00:00+00:00,7757.78,7971.46,7473.29,7704.92,2662.42398652
2019-09-26 00:00:00+00:00,7709.43,7767.11,7050.89,7381.66,3287.96848352
2019-09-27 00:00:00+00:00,7390.0,7575.0,7177.61,7501.42,1904.875597
2019-09-28 00:00:00+00:00,7502.06,7640.0,7345.07,7519.19,899.19670541
2019-09-29 00:00:00+00:00,7524.73,7540.61,7215.9,7373.73,769.64940112
2019-09-30 00:00:00+00:00,7373.41,7674.22,7053.43,7629.67,2381.07509807
2019-10-01 00:00:00+00:00,7630.52,7830.51,7525.78,7622.89,1687.3288966
2019-10-02 00:00:00+00:00,7620.62,7674.46,7476.79,7648.06,1044.20760517
2019-10-03 00:00:00+00:00,7667.0,7684.79,7360.68,7513.0,996.18119645
2019-10-04 00:00:00+00:00,7522.85,7522.85,7307.78,7431.0,895.4048397
2019-10-05 00:00:00+00:00,7431.0,7479.69,7319.87,7437.71,557.12674498
2019-10-06 00:00:00+00:00,7437.71,7456.51,7103.5,7176.25,1141.97491307
2019-10-07 00:00:00+00:00,7176.25,7575.46,7088.36,7490.45,1816.72045258
2019-10-08 00:00:00+00:00,7491.24,7597.5,7389.49,7470.25,883.87428704
2019-10-09 00:00:00+00:00,7463.13,7922.64,7410.0,7831.0,1680.91894841
2019-10-10 00:00:00+00:00,7819.63,7873.25,7680.05,7799.83,1166.92602722
2019-10-11 00:00:00+00:00,7799.83,8024.96,7468.07,7503.59,1502.16845123
2019-10-12 00:00:00+00:00,7488.28,7629.47,7488.28,7539.54,384.95831657
2019-10-13 00:00:00+00:00,7539.54,7689.7,7400.0,7515.58,663.60447275
2019-10-14 00:00:00+00:00,7515.58,7628.1,7460.0,7580.0,876.26500349
2019-10-15 00:00:00+00:00,7580.0,7638.65,7307.93,7394.46,1322.4367241
2019-10-16 00:00:00+00:00,7394.46,7421.48,7157.77,7221.01,1382.19327614
2019-10-17 00:00:00+00:00,7224.9,7311.41,7169.68,7266.23,1485.26435816
2019-10-18 00:00:00+00:00,7266.23,7306.11,7024.13,7120.5,1444.33206467
2019-10-19 00:00:00+00:00,7120.5,7260.0,7056.87,7132.96,665.98058013
2019-10-20 00:00:00+00:00,7132.96,7450.03,7068.59,7383.31,784.83447375
2019-10-21 00:00:00+00:00,7376.7,7495.81,7313.72,7371.0,1017.27769233
2019-10-22 00:00:00+00:00,7377.09,7458.44,7191.32,7219.29,1003.86692101
2019-10-23 00:00:00+00:00,7215.8,7242.88,6599.11,6721.74,3102.4401247
2019-10-24 00:00:00+00:00,6721.09,6775.12,6610.0,6702.17,1234.0519357
2019-10-25 00:00:00+00:00,6697.28,7947.96,6667.48,7814.67,3320.73912204
2019-10-26 00:00:00+00:00,7827.4,9450.0,7801.38,8337.05,5447.46622474
2019-10-27 00:00:00+00:00,8338.9,8823.41,8185.01,8609.42,2314.45344168
2019-10-28 00:00:00+00:00,8585.94,8962.16,8277.0,8315.73,2823.30389874
2019-10-29 00:00:00+00:00,8287.43,8614.04,8176.85,8488.9,1692.01061297
2019-10-30 00:00:00+00:00,8492.55,8492.88,8087.12,8218.38,1874.45965982
2019-10-31 00:00:00+00:00,8225.27,8455.96,8025.0,8212.1,1442.6758816
2019-11-01 00:00:00+00:00,8199.91,8344.89,8115.0,8282.98,1313.50375798
2019-11-02 00:00:00+00:00,8284.41,8425.93,8243.1,8334.01,498.56727228
2019-11-03 00:00:00+00:00,8328.95,8392.41,8129.16,8255.4,624.50368664
2019-11-04 00:00:00+00:00,8251.89,8649.55,8169.57,8466.0,1384.93522538
2019-11-05 00:00:00+00:00,8465.0,8521.0,8245.19,8421.69,1272.19384987
2019-11-06 00:00:00+00:00,8417.73,8539.07,8362.46,8432.91,1089.61354525
2019-11-07 00:00:00+00:00,8447.59,8465.81,8215.0,8334.15,1153.34340392
2019-11-08 00:00:00+00:00,8334.62,8372.9,7860.7,7962.0,2162.56481362
2019-11-09 00:00:00+00:00,7963.78,8064.61,7922.17,8000.14,418.05979721
2019-11-10 00:00:00+00:00,8000.14,8271.98,7944.29,8204.74,742.80709938
2019-11-11 00:00:00+00:00,8204.74,8236.3,7770.0,7915.68,1519.51532655
2019-11-12 00:00:00+00:00,7907.31,8065.19,7781.83,7997.86,1167.57001264
2019-11-13 00:00:00+00:00,8016.75,8025.0,7903.32,7969.16,825.2699387
2019-11-14 00:00:00+00:00,7967.01,7987.38,7781.56,7843.57,1060.4319455
2019-11-15 00:00:00+00:00,7841.94,7969.33,7585.0,7667.73,1558.72571052
2019-11-16 00:00:00+00:00,7667.73,7734.62,7631.54,7676.14,361.77005248
2019-11-17 00:00:00+00:00,7683.43,7815.14,7585.57,7691.93,567.95857015
2019-11-18 00:00:00+00:00,7691.93,7698.91,7258.07,7387.25,1555.76031931
2019-11-19 00:00:00+00:00,7386.35,7413.57,7228.71,7339.56,1377.29989957
2019-11-20 00:00:00+00:00,7336.63,7439.68,7263.6,7305.79,1006.63427643
2019-11-21 00:00:00+00:00,7304.85,7335.99,6688.0,6892.67,2707.29165143
2019-11-22 00:00:00+00:00,6885.52,7020.0,6145.01,6629.35,5130.15581448
2019-11-23 00:00:00+00:00,6626.07,6694.87,6462.9,6657.19,1002.21287865
2019-11-24 00:00:00+00:00,6664.16,6670.25,6227.54,6282.17,1151.98454789
2019-11-25 00:00:00+00:00,6264.6,6712.7,5921.03,6483.05,4195.34152261
2019-11-26 00:00:00+00:00,6483.05,6670.0,6371.46,6513.24,1969.74174404
2019-11-27 00:00:00+00:00,6500.48,6975.93,6233.45,6837.91,2919.55991484
2019-11-28 00:00:00+00:00,6859.82,6965.86,6710.91,6755.38,2039.38016847
2019-11-29 00:00:00+00:00,6764.64,7144.0,6743.08,7040.24,1839.34002569
2019-11-30 00:00:00+00:00,7042.15,7104.2,6779.27,6875.79,847.1479031
2019-12-01 00:00:00+00:00,6875.79,6875.79,6576.26,6729.13,906.95215079
2019-12-02 00:00:00+00:00,6728.82,6752.18,6500.0,6609.04,1605.94062231
2019-12-03 00:00:00+00:00,6600.35,6699.1,6538.15,6593.67,1287.41478414
2019-12-04 00:00:00+00:00,6598.77,7050.0,6400.0,6498.65,2479.47332836
2019-12-05 00:00:00+00:00,6503.32,6757.79,6461.27,6662.14,1196.08570453
2019-12-06 00:00:00+00:00,6666.48,6869.99,6589.46,6828.37,1370.41731426
2019-12-07 00:00:00+00:00,6833.98,6895.57,6764.18,6777.93,428.50723103
2019-12-08 00:00:00+00:00,6777.93,6850.0,6683.44,6801.44,511.13653462
2019-12-09 00:00:00+00:00,6810.46,6925.0,6590.32,6636.65,1736.5472764
2019-12-10 00:00:00+00:00,6636.53,6697.85,6460.0,6520.19,1568.71663977
2019-12-11 00:00:00+00:00,6520.17,6570.56,6434.1,6479.84,1246.495536
2019-12-12 00:00:00+00:00,6481.26,6551.39,6355.02,6424.38,1351.79690576
2019-12-13 00:00:00+00:00,6432.11,6560.58,6429.44,6525.0,1078.935548
2019-12-14 00:00:00+00:00,6525.0,6543.65,6310.05,6361.32,639.03575717
2019-12-15 00:00:00+00:00,6361.26,6484.99,6310.0,6399.82,494.04431347
2019-12-16 00:00:00+00:00,6399.82,6408.14,6115.0,6182.0,1562.03517204
2019-12-17 00:00:00+00:00,6182.0,6225.96,5888.85,5942.88,2235.23120602
2019-12-18 00:00:00+00:00,5942.78,6710.0,5800.01,6560.75,3281.42129252
2019-12-19 00:00:00+00:00,6563.77,6639.04,6327.89,6439.13,1581.6896176
2019-12-20 00:00:00+00:00,6438.59,6519.5,6370.0,6501.49,1089.62342417
2019-12-21 00:00:00+00:00,6490.51,6499.82,6432.49,6463.0,286.19627823
2019-12-22 00:00:00+00:00,6456.34,6792.02,6442.53,6784.98,897.11708934
2019-12-23 00:00:00+00:00,6785.0,6942.73,6555.0,6601.84,1836.06781112
2019-12-24 00:00:00+00:00,6593.42,6705.82,6464.02,6555.32,1316.04248064
2019-12-25 00:00:00+00:00,6555.32,6562.68,6420.0,6493.91,780.82818277
2019-12-26 00:00:00+00:00,6493.94,6691.94,6443.43,6489.36,1106.33525662
2019-12-27 00:00:00+00:00,6489.36,6512.75,6330.0,6481.23,1228.7040826
2019-12-28 00:00:00+00:00,6485.5,6579.73,6476.51,6529.09,455.79659569
2019-12-29 00:00:00+00:00,6531.27,6731.83,6513.15,6601.59,535.08073169
2019-12-30 00:00:00+00:00,6600.49,6603.52,6430.11,6461.4,1140.95247821
2019-12-31 00:00:00+00:00,6450.0,6518.51,6339.03,6411.82,967.79923986
2020-01-01 00:00:00+00:00,6402.02,6469.99,6380.0,6399.09,615.37688802
2020-01-02 00:00:00+00:00,6397.11,6411.13,6179.0,6227.24,1005.80112285
2020-01-03 00:00:00+00:00,6225.0,6635.9,6145.36,6570.27,1787.59177563
2020-01-04 00:00:00+00:00,6579.01,6629.67,6508.34,6593.0,492.53534496
2020-01-05 00:00:00+00:00,6596.02,6709.62,6556.56,6588.45,680.02583059
2020-01-06 00:00:00+00:00,6585.29,6990.17,6584.82,6940.75,1632.65398373
2020-01-07 00:00:00+00:00,6931.11,7371.23,6910.6,7315.53,2471.35499533
2020-01-08 00:00:00+00:00,7313.83,7589.0,7081.0,7248.39,2901.6024648
2020-01-09 00:00:00+00:00,7248.39,7248.93,6971.94,7042.88,1688.81828303
2020-01-10 00:00:00+00:00,7042.88,7377.14,6915.14,7376.57,1703.04560459
2020-01-11 00:00:00+00:00,7376.58,7450.0,7200.0,7218.65,706.98994561
2020-01-12 00:00:00+00:00,7216.4,7367.98,7161.18,7362.1,413.93937541
2020-01-13 00:00:00+00:00,7362.1,7374.95,7231.45,7285.0,1020.56721694
2020-01-14 00:00:00+00:00,7288.92,7990.0,7280.15,7932.89,2681.68143646
2020-01-15 00:00:00+00:00,7925.2,7999.99,7673.37,7913.9,2114.7433547
2020-01-16 00:00:00+00:00,7913.9,7940.0,7700.0,7826.99,1480.73536291
2020-01-17 00:00:00+00:00,7826.89,8108.88,7782.33,8029.98,1790.70690402
2020-01-18 00:00:00+00:00,8023.81,8099.9,7941.29,8041.57,586.18914256
2020-01-19 00:00:00+00:00,8041.07,8278.61,7620.0,7849.89,1733.16685874
2020-01-20 00:00:00+00:00,7849.0,7885.0,7679.85,7794.74,1294.90524435
2020-01-21 00:00:00+00:00,7794.75,7920.34,7630.0,7877.41,1289.44609855
2020-01-22 00:00:00+00:00,7861.85,7947.3,7733.78,7807.68,976.53927824
2020-01-23 00:00:00+00:00,7812.58,7827.48,7475.95,7608.74,1586.11542296
2020-01-24 00:00:00+00:00,7601.68,7728.45,7450.12,7641.68,1266.03915831
2020-01-25 00:00:00+00:00,7652.36,7656.72,7484.71,7559.99,482.53970026
2020-01-26 00:00:00+00:00,7559.99,7800.0,7520.02,7790.16,559.6083948
2020-01-27 00:00:00+00:00,7798.0,8160.0,7760.17,8079.52,1854.90940852
2020-01-28 00:00:00+00:00,8080.81,8537.69,8071.27,8500.21,2137.02700955
2020-01-29 00:00:00+00:00,8535.36,8569.99,8375.01,8438.36,1621.39641335
2020-01-30 00:00:00+00:00,8429.39,8671.09,8327.18,8610.07,1728.38515551
2020-01-31 00:00:00+00:00,8616.95,8633.08,8320.0,8420.25,1764.04862812
2020-02-01 00:00:00+00:00,8420.25,8525.85,8380.0,8459.05,634.69377169
2020-02-02 00:00:00+00:00,8449.07,8546.1,8234.1,8425.9,597.74186916
2020-02-03 00:00:00+00:00,8425.91,8670.0,8341.0,8406.53,1160.30579865
2020-02-04 00:00:00+00:00,8409.42,8459.97,8220.0,8312.62,976.88794299
2020-02-05 00:00:00+00:00,8303.6,8888.0,8294.02,8748.18,2341.48831147
2020-02-06 00:00:00+00:00,8748.18,8980.0,8650.75,8899.92,1436.28308459
2020-02-07 00:00:00+00:00,8899.92,9041.3,8867.0,8968.49,1370.35954753
2020-02-08 00:00:00+00:00,8968.36,9100.0,8800.0,9072.4,800.03143732
2020-02-09 00:00:00+00:00,9054.65,9323.98,9046.14,9280.0,1284.2113473
2020-02-10 00:00:00+00:00,9290.0,9318.16,8800.0,9050.72,1975.87619746
2020-02-11 00:00:00+00:00,9050.72,9500.0,8904.99,9412.97,1838.24065258
2020-02-12 00:00:00+00:00,9428.39,9631.18,9383.58,9547.89,2011.50687636
2020-02-13 00:00:00+00:00,9548.0,9710.0,9269.05,9437.28,2373.41442588
2020-02-14 00:00:00+00:00,9445.0,9600.0,9337.33,9577.49,1545.97184607
2020-02-15 00:00:00+00:00,9589.08,9600.0,9061.89,9147.87,1585.38539157
2020-02-16 00:00:00+00:00,9162.74,9315.54,8843.0,9154.41,1653.00748018
2020-02-17 00:00:00+00:00,9150.46,9202.48,8738.0,8970.29,1684.4923245
2020-02-18 00:00:00+00:00,8970.32,9531.54,8891.0,9449.09,1551.86569923
2020-02-19 00:00:00+00:00,9437.95,9563.83,8605.09,8897.43,1784.77828405
2020-02-20 00:00:00+00:00,8879.07,8999.83,8724.69,8896.39,1338.47835612
2020-02-21 00:00:00+00:00,8920.48,9059.99,8820.0,8957.02,988.39911644
2020-02-22 00:00:00+00:00,8955.77,8978.57,8830.23,8910.37,292.22217759
2020-02-23 00:00:00+00:00,8925.74,9240.0,8907.48,9210.0,589.72770562
2020-02-24 00:00:00+00:00,9210.13,9255.1,8730.0,8917.26,1242.35529652
2020-02-25 00:00:00+00:00,8916.18,8952.47,8483.59,8574.33,1448.98202885
2020-02-26 00:00:00+00:00,8570.63,8638.67,7909.14,8077.78,3065.33913944
2020-02-27 00:00:00+00:00,8063.21,8199.16,7823.89,8036.52,3001.82514979
2020-02-28 00:00:00+00:00,8036.8,8124.99,7680.98,7887.23,1935.23467123
2020-02-29 00:00:00+00:00,7906.52,7989.77,7741.0,7741.0,610.36723236
2020-03-01 00:00:00+00:00,7741.0,7941.53,7565.35,7720.0,926.79283158
2020-03-02 00:00:00+00:00,7724.78,8078.64,7684.21,8014.38,2419.9829942
2020-03-03 00:00:00+00:00,8014.5,8037.9,7760.0,7854.91,1755.64481442
2020-03-04 00:00:00+00:00,7854.91,7936.27,7808.68,7864.37,1696.0912611
2020-03-05 00:00:00+00:00,7863.95,8200.0,7863.95,8083.95,1757.8904674
2020-03-06 00:00:00+00:00,8094.92,8150.0,7984.76,8126.58,1547.45857961
2020-03-07 00:00:00+00:00,8126.38,8174.32,7855.0,7900.46,742.85253028
2020-03-08 00:00:00+00:00,7900.38,7900.39,7029.72,7071.3,2308.75490033
2020-03-09 00:00:00+00:00,7069.54,7195.87,6600.0,6969.01,4278.43294465
2020-03-10 00:00:00+00:00,6968.56,7175.0,6809.73,6974.42,3048.92244548
2020-03-11 00:00:00+00:00,6974.42,7098.25,6726.14,7050.81,2114.78196444
2020-03-12 00:00:00+00:00,7050.81,7075.51,4102.16,4354.98,12353.11442104
2020-03-13 00:00:00+00:00,4354.98,5450.0,3316.9,5116.28,13016.55604772
2020-03-14 00:00:00+00:00,5081.07,5134.48,4571.06,4677.0,2730.21495223
2020-03-15 00:00:00+00:00,4682.07,5380.68,4615.41,4818.57,2649.88119068
2020-03-16 00:00:00+00:00,4820.86,4838.79,4003.95,4523.43,7884.52677766
2020-03-17 00:00:00+00:00,4535.4,5080.0,4433.25,4874.88,5315.17102498
2020-03-18 00:00:00+00:00,4862.09,4990.0,4590.0,4953.13,4323.59964291
2020-03-19 00:00:00+00:00,4958.94,6065.52,4848.17,5828.84,8638.51456172
2020-03-20 00:00:00+00:00,5828.85,6500.0,5307.78,5812.78,8143.5572581
2020-03-21 00:00:00+00:00,5826.0,6068.66,5503.08,5817.85,3595.38508182
2020-03-22 00:00:00+00:00,5828.94,6024.15,5391.12,5466.29,2798.27868192
2020-03-23 00:00:00+00:00,5454.24,6199.98,5345.78,6043.76,4380.77083181
2020-03-24 00:00:00+00:00,6054.13,6369.73,5940.68,6283.62,4150.94752983
2020-03-25 00:00:00+00:00,6286.69,6470.0,6000.95,6162.17,3708.16076675
2020-03-26 00:00:00+00:00,6175.7,6250.0,5971.6,6135.59,2632.04599908
2020-03-27 00:00:00+00:00,6125.54,6230.0,5666.97,5745.31,2846.99380915
2020-03-28 00:00:00+00:00,5740.58,5800.0,5432.73,5621.79,4161.87913647
2020-03-29 00:00:00+00:00,5630.0,5649.95,5279.63,5287.3,2187.48617845
2020-03-30 00:00:00+00:00,5287.28,6000.0,5267.61,5816.39,4384.51861983
2020-03-31 00:00:00+00:00,5822.54,5949.92,5800.42,5841.57,2654.74190476
2020-04-01 00:00:00+00:00,5843.06,6119.89,5649.42,6081.27,2838.07461559
2020-04-02 00:00:00+00:00,6102.37,6645.0,6011.96,6274.94,5904.23526401
2020-04-03 00:00:00+00:00,6274.94,6538.79,6143.34,6249.54,3385.61232466
2020-04-04 00:00:00+00:00,6245.61,6483.02,6190.9,6362.29,1289.57140208
2020-04-05 00:00:00+00:00,6368.75,6399.0,6202.0,6282.57,917.83964111
2020-04-06 00:00:00+00:00,6282.03,6821.57,6269.9,6813.26,3888.50957205
2020-04-07 00:00:00+00:00,6813.26,6913.38,6477.39,6616.66,3519.1150159
2020-04-08 00:00:00+00:00,6613.09,6839.47,6575.03,6791.16,2151.48987413
2020-04-09 00:00:00+00:00,6781.32,6793.17,6553.14,6689.64,1931.59155677
2020-04-10 00:00:00+00:00,6689.64,6695.75,6168.21,6300.82,3045.33905925
2020-04-11 00:00:00+00:00,6300.36,6369.25,6203.33,6314.5,935.93724416
2020-04-12 00:00:00+00:00,6314.5,6609.17,6221.74,6329.95,1550.41544222
2020-04-13 00:00:00+00:00,6318.86,6340.0,6037.29,6291.12,2324.44585446
2020-04-14 00:00:00+00:00,6294.62,6383.52,6205.52,6270.53,2525.58944517
2020-04-15 00:00:00+00:00,6274.12,6331.02,6065.76,6081.57,2824.41199037
2020-04-16 00:00:00+00:00,6073.25,6640.93,5947.38,6559.08,3847.27500864
2020-04-17 00:00:00+00:00,6552.22,6604.42,6445.92,6474.13,1941.38350588
2020-04-18 00:00:00+00:00,6473.86,6725.0,6463.31,6682.04,1053.54469214
2020-04-19 00:00:00+00:00,6682.08,6699.97,6500.0,6562.41,1067.52858323
2020-04-20 00:00:00+00:00,6572.85,6654.41,6238.0,6311.04,3228.2286574
2020-04-21 00:00:00+00:00,6309.31,6429.3,6270.0,6324.83,2725.49898513
2020-04-22 00:00:00+00:00,6324.83,6630.0,6295.31,6601.47,2505.7986285
2020-04-23 00:00:00+00:00,6604.58,7174.52,6507.64,6950.0,3988.5260862
2020-04-24 00:00:00+00:00,6950.0,7160.84,6850.98,6948.5,2569.39107178
2020-04-25 00:00:00+00:00,6943.65,7138.0,6880.01,6990.47,1274.68027335
2020-04-26 00:00:00+00:00,6990.47,7138.0,6953.61,7129.95,1963.69389826
2020-04-27 00:00:00+00:00,7130.0,7218.22,7050.0,7198.67,2957.83842878
2020-04-28 00:00:00+00:00,7203.87,7203.89,7088.41,7173.09,2823.02230063
2020-04-29 00:00:00+00:00,7170.0,8273.45,7130.07,8087.82,9488.82410717
2020-04-30 00:00:00+00:00,8080.21,8740.07,7688.01,7890.55,8816.83510627
2020-05-01 00:00:00+00:00,7887.41,8292.32,7887.41,8053.19,3451.69134881
2020-05-02 00:00:00+00:00,8043.98,8216.2,7993.15,8179.88,2032.67867352
2020-05-03 00:00:00+00:00,8178.23,8380.46,7969.63,8137.69,3509.23550376
2020-05-04 00:00:00+00:00,8123.8,8238.39,7806.79,8168.68,3814.10390326
2020-05-05 00:00:00+00:00,8166.55,8395.0,8101.55,8341.48,3701.27096126
2020-05-06 00:00:00+00:00,8341.23,8740.0,8236.03,8483.31,5655.79546133
2020-05-07 00:00:00+00:00,8483.93,9299.0,8369.0,9228.06,8232.10730671
2020-05-08 00:00:00+00:00,9227.39,9274.44,8987.81,9071.44,4952.64560534
2020-05-09 00:00:00+00:00,9053.77,9167.56,8797.9,8821.35,2879.719529
2020-05-10 00:00:00+00:00,8804.19,8841.92,7606.86,8072.06,12388.2769437
2020-05-11 00:00:00+00:00,8053.44,8526.34,7518.1,7936.6,12191.65020701
2020-05-12 00:00:00+00:00,7942.56,8288.73,7905.89,8148.46,4537.37355422
2020-05-13 00:00:00+00:00,8147.83,8714.93,8126.8,8608.33,3907.17349359
2020-05-14 00:00:00+00:00,8615.89,9211.05,8300.48,9070.0,7168.73986516
2020-05-15 00:00:00+00:00,9071.15,9114.77,8453.28,8598.13,4873.45855646
2020-05-16 00:00:00+00:00,8601.25,8867.87,8514.08,8679.06,1945.44545045
2020-05-17 00:00:00+00:00,8687.32,9133.29,8626.57,8947.67,2701.60220846
2020-05-18 00:00:00+00:00,8953.82,9199.35,8708.11,8910.42,3933.75563954
2020-05-19 00:00:00+00:00,8914.39,9043.65,8671.18,8960.25,3710.97676181
2020-05-20 00:00:00+00:00,8950.54,9000.0,8501.0,8664.51,3670.33593364
2020-05-21 00:00:00+00:00,8664.76,8731.42,8034.35,8288.6,5996.76900231
2020-05-22 00:00:00+00:00,8278.08,8520.0,8172.16,8424.95,3073.44172408
2020-05-23 00:00:00+00:00,8417.46,8556.05,8350.0,8432.2,1058.08774677
2020-05-24 00:00:00+00:00,8413.38,8543.21,7979.54,7990.88,2173.07854502
2020-05-25 00:00:00+00:00,7998.33,8254.66,7930.0,8174.11,2477.16903531
2020-05-26 00:00:00+00:00,8174.15,8255.32,7929.79,8064.03,2726.32283155
2020-05-27 00:00:00+00:00,8055.52,8411.68,8043.43,8365.75,2674.55864111
2020-05-28 00:00:00+00:00,8360.53,8692.92,8290.0,8648.71,2404.77005098
2020-05-29 00:00:00+00:00,8641.61,8675.44,8391.96,8499.71,2035.09072348
2020-05-30 00:00:00+00:00,8499.39,8752.81,8409.07,8716.46,1618.57684724
2020-05-31 00:00:00+00:00,8725.0,8725.0,8448.09,8505.86,988.76075124
2020-06-01 00:00:00+00:00,8495.82,9321.63,8476.75,9167.05,3060.88776871
2020-06-02 00:00:00+00:00,9174.98,9191.68,8310.93,8522.7,5893.21994254
2020-06-03 00:00:00+00:00,8516.13,8635.19,8381.98,8617.38,2418.13646563
2020-06-04 00:00:00+00:00,8611.82,8720.0,8450.0,8645.12,2612.42486436
2020-06-05 00:00:00+00:00,8643.53,8711.48,8491.46,8533.86,1941.57866261
2020-06-06 00:00:00+00:00,8530.0,8641.92,8462.0,8575.1,680.49427212
2020-06-07 00:00:00+00:00,8574.08,8694.0,8334.4,8621.13,1686.11226016
2020-06-08 00:00:00+00:00,8623.47,8692.1,8541.17,8657.54,1279.92718428
2020-06-09 00:00:00+00:00,8657.54,8738.0,8473.53,8639.06,1683.89334196
2020-06-10 00:00:00+00:00,8634.54,8774.94,8547.11,8713.71,2156.14416608
2020-06-11 00:00:00+00:00,8707.61,8765.28,8010.01,8218.45,4348.52471255
2020-06-12 00:00:00+00:00,8216.87,8464.78,8190.0,8423.62,1572.00276509
2020-06-13 00:00:00+00:00,8423.08,8437.0,8318.3,8426.22,582.09649502
2020-06-14 00:00:00+00:00,8419.16,8422.0,8236.0,8292.35,667.44974508
2020-06-15 00:00:00+00:00,8300.43,8395.0,7921.81,8324.9,3178.71771002
2020-06-16 00:00:00+00:00,8319.69,8498.99,8283.0,8465.5,1715.35270455
2020-06-17 00:00:00+00:00,8458.48,8518.0,8225.67,8421.94,1304.42161794
2020-06-18 00:00:00+00:00,8414.27,8440.0,8280.34,8370.91,1198.11900585
2020-06-19 00:00:00+00:00,8370.78,8413.36,8239.61,8325.69,1434.07012411
2020-06-20 00:00:00+00:00,8325.39,8400.0,8223.43,8372.79,559.16041122
2020-06-21 00:00:00+00:00,8373.24,8421.08,8298.0,8311.38,624.2269688
2020-06-22 00:00:00+00:00,8305.85,8680.0,8295.4,8589.26,1949.95463493
2020-06-23 00:00:00+00:00,8585.81,8619.66,8430.49,8513.6,1777.09668136
2020-06-24 00:00:00+00:00,8511.86,8546.39,8175.0,8267.29,3347.36162785
2020-06-25 00:00:00+00:00,8254.17,8328.0,8010.0,8248.1,2471.58517891
2020-06-26 00:00:00+00:00,8236.95,8289.12,8060.4,8179.38,2301.62711891
2020-06-27 00:00:00+00:00,8181.99,8206.05,7920.0,8044.83,1960.62521509
2020-06-28 00:00:00+00:00,8044.75,8199.0,7973.68,8126.84,1232.13597156
2020-06-29 00:00:00+00:00,8120.94,8220.05,8003.57,8171.13,1772.31570023
2020-06-30 00:00:00+00:00,8176.12,8195.0,8085.22,8145.97,1416.29718129
2020-07-01 00:00:00+00:00,8146.44,8272.13,8101.0,8209.36,1452.27839852
2020-07-02 00:00:00+00:00,8212.68,8242.89,7975.0,8103.43,1768.87969633
2020-07-03 00:00:00+00:00,8098.78,8141.88,8053.1,8083.93,1177.90288227
2020-07-04 00:00:00+00:00,8064.32,8179.0,8055.15,8135.0,661.26596884
2020-07-05 00:00:00+00:00,8127.84,8143.96,7933.36,8071.17,846.0420978
2020-07-06 00:00:00+00:00,8070.17,8282.47,8047.54,8264.08,1771.97101476
2020-07-07 00:00:00+00:00,8260.53,8292.49,8181.1,8217.78,1142.78456862
2020-07-08 00:00:00+00:00,8213.36,8360.0,8191.96,8340.36,1653.37982963
2020-07-09 00:00:00+00:00,8334.88,8342.67,8125.0,8197.38,1655.62196747
2020-07-10 00:00:00+00:00,8196.88,8250.31,8104.0,8235.44,1435.38687155
2020-07-11 00:00:00+00:00,8232.0,8243.77,8143.0,8188.55,467.92599194
2020-07-12 00:00:00+00:00,8188.55,8276.51,8116.12,8234.38,722.93263801
2020-07-13 00:00:00+00:00,8235.49,8257.53,8114.1,8152.44,1696.01531751
2020-07-14 00:00:00+00:00,8147.88,8156.88,8030.0,8123.48,1649.28545268
2020-07-15 00:00:00+00:00,8118.01,8133.28,8039.98,8061.72,1272.45416717
2020-07-16 00:00:00+00:00,8056.53,8083.39,7945.59,8024.92,1812.35960847
2020-07-17 00:00:00+00:00,8020.21,8053.75,7978.65,8021.21,1172.59286015
2020-07-18 00:00:00+00:00,8015.64,8069.23,7998.24,8037.86,433.13816355
2020-07-19 00:00:00+00:00,8033.19,8087.99,7982.0,8065.2,466.98942464
2020-07-20 00:00:00+00:00,8062.95,8076.21,7988.18,8009.74,1068.83931265
2020-07-21 00:00:00+00:00,8006.11,8259.6,8002.77,8157.53,2024.23562278
2020-07-22 00:00:00+00:00,8155.45,8255.97,8054.44,8255.97,1633.81710754
2020-07-23 00:00:00+00:00,8250.57,8330.0,8165.0,8294.13,2226.82851177
2020-07-24 00:00:00+00:00,8293.59,8299.21,8167.14,8208.73,1432.35976557
2020-07-25 00:00:00+00:00,8204.32,8360.0,8191.92,8338.26,1071.72760687
2020-07-26 00:00:00+00:00,8335.39,8684.96,8293.59,8533.66,2706.80688011
2020-07-27 00:00:00+00:00,8528.61,9650.0,8516.53,9386.5,7954.20714967
2020-07-28 00:00:00+00:00,9392.46,9573.46,8999.16,9330.07,5629.65873519
2020-07-29 00:00:00+00:00,9322.69,9628.25,9254.83,9435.93,3656.70524549
2020-07-30 00:00:00+00:00,9432.13,9457.1,9219.95,9374.87,2041.26063702
2020-07-31 00:00:00+00:00,9369.76,9721.19,9248.0,9647.14,2944.08099089
2020-08-01 00:00:00+00:00,9639.1,10092.92,9550.0,10041.36,2772.35962025
2020-08-02 00:00:00+00:00,10034.17,10296.46,9050.0,9387.19,4671.73209826
2020-08-03 00:00:00+00:00,9399.58,9785.8,9284.6,9565.04,2159.41264987
2020-08-04 00:00:00+00:00,9563.71,9726.14,9416.0,9489.47,2070.58947113
2020-08-05 00:00:00+00:00,9483.26,9940.6,9410.0,9909.89,2923.55510674
2020-08-06 00:00:00+00:00,9910.0,10053.75,9756.48,9925.85,2536.93555551
2020-08-07 00:00:00+00:00,9917.17,10061.36,9626.66,9856.89,2398.41407799
2020-08-08 00:00:00+00:00,9850.44,10025.67,9797.68,9988.61,635.2912414
2020-08-09 00:00:00+00:00,9981.35,10017.97,9800.0,9928.98,575.49572092
2020-08-10 00:00:00+00:00,9925.41,10237.43,9810.12,10137.21,2917.22302434
2020-08-11 00:00:00+00:00,10137.35,10177.59,9475.0,9732.5,3320.41635874
2020-08-12 00:00:00+00:00,9721.09,9872.44,9515.46,9818.2,1986.11229356
2020-08-13 00:00:00+00:00,9818.84,9987.67,9550.01,9984.12,2173.3290912
2020-08-14 00:00:00+00:00,9986.78,10040.0,9875.0,9959.51,1331.38185517
2020-08-15 00:00:00+00:00,9956.55,10120.0,9900.0,10024.07,985.35181901
2020-08-16 00:00:00+00:00,10016.7,10086.47,9891.98,10053.33,699.39818566
2020-08-17 00:00:00+00:00,10062.74,10504.59,9925.0,10346.09,3871.6232961
2020-08-18 00:00:00+00:00,10364.05,10428.14,9934.88,10016.38,3104.158067
2020-08-19 00:00:00+00:00,10015.0,10073.1,9734.1,9940.71,3690.59072595
2020-08-20 00:00:00+00:00,9935.88,10046.45,9872.42,10008.96,1839.24071321
2020-08-21 00:00:00+00:00,10010.41,10050.71,9451.44,9789.8,2256.21544048
2020-08-22 00:00:00+00:00,9793.71,9930.86,9674.38,9919.12,790.67960748
2020-08-23 00:00:00+00:00,9918.63,9946.06,9789.25,9888.91,588.03851441
2020-08-24 00:00:00+00:00,9890.89,10009.99,9836.32,9982.42,1525.00357112
2020-08-25 00:00:00+00:00,9970.91,9990.58,9417.14,9588.03,2253.04126328
2020-08-26 00:00:00+00:00,9583.0,9765.2,9532.4,9693.32,1742.92639679
2020-08-27 00:00:00+00:00,9698.45,9778.47,9430.02,9591.93,1977.41585961
2020-08-28 00:00:00+00:00,9598.07,9717.55,9564.17,9710.84,1423.83050567
2020-08-29 00:00:00+00:00,9700.36,9749.0,9622.07,9663.17,528.55523314
2020-08-30 00:00:00+00:00,9654.72,9840.0,9651.68,9829.17,675.3785631
2020-08-31 00:00:00+00:00,9837.17,9878.99,9735.68,9780.33,1595.70957095
2020-09-01 00:00:00+00:00,9771.58,10119.59,9681.05,10001.72,2226.7122802
2020-09-02 00:00:00+00:00,9997.36,10034.76,9457.0,9637.53,3114.03581988
2020-09-03 00:00:00+00:00,9633.69,9727.25,8458.78,8616.19,5524.88495197
2020-09-04 00:00:00+00:00,8595.41,8993.29,8401.9,8851.0,3644.7228813
2020-09-05 00:00:00+00:00,8854.72,8944.57,8308.51,8600.81,2406.40314626
2020-09-06 00:00:00+00:00,8590.52,8749.58,8465.0,8661.09,1535.32441977
2020-09-07 00:00:00+00:00,8665.03,8820.0,8370.0,8785.74,2583.61267996
2020-09-08 00:00:00+00:00,8789.65,8838.03,8383.71,8608.75,2773.58685079
2020-09-09 00:00:00+00:00,8610.12,8776.52,8482.69,8676.47,1704.70412106
2020-09-10 00:00:00+00:00,8665.92,8829.36,8665.84,8770.18,2169.64442876
2020-09-11 00:00:00+00:00,8761.5,8798.0,8631.0,8792.15,1432.64494467
2020-09-12 00:00:00+00:00,8787.52,8865.0,8699.85,8833.65,499.35471324
2020-09-13 00:00:00+00:00,8828.34,8945.34,8646.16,8737.58,757.88507707
2020-09-14 00:00:00+00:00,8739.59,9073.08,8669.99,9010.4,2113.97264776
2020-09-15 00:00:00+00:00,9007.35,9217.33,8943.33,9118.52,1906.995399
2020-09-16 00:00:00+00:00,9115.83,9390.34,9023.37,9288.38,2106.25239392
2020-09-17 00:00:00+00:00,9288.38,9386.27,9116.66,9243.73,1706.60066563
2020-09-18 00:00:00+00:00,9240.17,9327.28,9137.22,9248.57,1138.5518457
2020-09-19 00:00:00+00:00,9246.11,9444.0,9216.47,9373.96,538.74346334
2020-09-20 00:00:00+00:00,9375.75,9375.76,9105.75,9230.61,583.66121198
2020-09-21 00:00:00+00:00,9230.61,9269.99,8779.13,8862.84,2213.92991354
2020-09-22 00:00:00+00:00,8866.59,9044.1,8816.75,9001.71,1547.61576736
2020-09-23 00:00:00+00:00,9006.24,9022.49,8704.55,8790.51,1360.47561686
2020-09-24 00:00:00+00:00,8790.17,9251.09,8763.11,9198.97,1751.25573122
2020-09-25 00:00:00+00:00,9198.28,9259.92,9076.16,9197.89,1524.28181053
2020-09-26 00:00:00+00:00,9193.33,9310.0,9162.96,9222.69,605.03791559
2020-09-27 00:00:00+00:00,9229.38,9285.8,9107.57,9266.44,422.39480068
2020-09-28 00:00:00+00:00,9270.15,9411.51,9120.0,9161.44,1844.64155831
2020-09-29 00:00:00+00:00,9152.53,9258.43,9080.2,9244.3,1630.89771232
2020-09-30 00:00:00+00:00,9240.84,9249.0,9108.88,9201.12,1473.36502048
2020-10-01 00:00:00+00:00,9204.92,9319.22,8907.0,9054.11,1911.82430865
2020-10-02 00:00:00+00:00,9046.18,9113.03,8867.77,9023.2,2243.59408738
2020-10-03 00:00:00+00:00,9017.54,9057.99,8950.71,9016.7,436.83292195
2020-10-04 00:00:00+00:00,9011.94,9134.54,8992.27,9103.73,323.43214306
2020-10-05 00:00:00+00:00,9101.58,9165.1,9054.45,9155.72,1482.92525604
2020-10-06 00:00:00+00:00,9156.29,9164.98,8978.35,9043.5,1539.0832614
2020-10-07 00:00:00+00:00,9042.64,9080.9,9000.36,9075.94,1479.72221439
2020-10-08 00:00:00+00:00,9073.6,9325.25,8964.7,9282.15,1716.7245245
2020-10-09 00:00:00+00:00,9285.1,9409.0,9199.08,9360.52,1740.80367007
2020-10-10 00:00:00+00:00,9353.9,9700.0,9353.9,9533.65,1150.80430284
2020-10-11 00:00:00+00:00,9532.17,9649.98,9514.83,9620.29,575.11863365
2020-10-12 00:00:00+00:00,9620.29,9918.16,9433.0,9757.41,2035.85558895
2020-10-13 00:00:00+00:00,9752.72,9805.98,9617.6,9734.23,1577.8471706
2020-10-14 00:00:00+00:00,9737.47,9832.89,9617.8,9740.2,1348.09920323
2020-10-15 00:00:00+00:00,9734.63,9919.27,9628.12,9829.02,1190.56270385
2020-10-16 00:00:00+00:00,9826.27,9859.85,9560.01,9677.44,1527.61098515
2020-10-17 00:00:00+00:00,9670.03,9743.45,9627.76,9708.13,509.20213717
2020-10-18 00:00:00+00:00,9701.6,9833.79,9689.54,9828.2,449.19769371
2020-10-19 00:00:00+00:00,9827.27,10027.0,9750.03,9993.59,2043.02211466
2020-10-20 00:00:00+00:00,9987.88,10190.0,9929.51,10086.45,2023.92160151
2020-10-21 00:00:00+00:00,10081.81,11085.0,10067.9,10763.91,5031.03438188
2020-10-22 00:00:00+00:00,10754.7,11160.0,10674.4,10994.8,2657.28311885
2020-10-23 00:00:00+00:00,10972.15,11030.14,10742.38,10909.18,2037.40889433
2020-10-24 00:00:00+00:00,10894.72,11099.75,10851.26,11060.59,650.40396019
2020-10-25 00:00:00+00:00,11060.59,11247.64,10878.08,11012.39,823.04378038
2020-10-26 00:00:00+00:00,10998.94,11207.35,10811.79,11080.91,1837.51086565
2020-10-27 00:00:00+00:00,11077.8,11714.37,11054.14,11583.11,2773.89164045
2020-10-28 00:00:00+00:00,11583.11,11769.44,10983.0,11316.29,3379.88097897
2020-10-29 00:00:00+00:00,11313.52,11721.65,11087.48,11535.2,2176.73525329
2020-10-30 00:00:00+00:00,11521.72,11745.0,11191.38,11651.51,2520.67439507
2020-10-31 00:00:00+00:00,11654.32,12081.43,11479.94,11850.07,1715.03949093
2020-11-01 00:00:00+00:00,11827.57,11930.0,11700.0,11821.48,661.65281185
2020-11-02 00:00:00+00:00,11833.75,11890.0,11356.02,11664.86,2295.22531839
2020-11-03 00:00:00+00:00,11662.02,11978.45,11420.92,11930.0,2216.00283303
2020-11-04 00:00:00+00:00,11934.0,12171.0,11628.57,12065.73,2694.8101
2020-11-05 00:00:00+00:00,12067.86,13328.56,12024.21,13189.04,4018.88690604
2020-11-06 00:00:00+00:00,13193.67,13527.88,12801.0,13144.42,3652.18161754
2020-11-07 00:00:00+00:00,13142.39,13278.28,12001.99,12456.02,2916.45608311
2020-11-08 00:00:00+00:00,12442.16,13184.38,12362.52,13002.47,1370.05104764
2020-11-09 00:00:00+00:00,12996.94,13321.0,12560.0,12970.99,2814.23734085
2020-11-10 00:00:00+00:00,12966.65,13103.28,12762.71,12974.04,1780.93312863
2020-11-11 00:00:00+00:00,12965.38,13566.2,12946.79,13330.99,3494.2743815
2020-11-12 00:00:00+00:00,13318.74,13860.0,13133.65,13834.35,2691.28774212
2020-11-13 00:00:00+00:00,13827.75,13976.47,13512.46,13814.14,2017.48372679
2020-11-14 00:00:00+00:00,13804.84,13812.11,13295.01,13591.73,1744.07458338
2020-11-15 00:00:00+00:00,13589.87,13677.0,13337.97,13491.33,880.75279385
2020-11-16 00:00:00+00:00,13492.76,14256.0,13424.3,14092.79,2108.75716663
2020-11-17 00:00:00+00:00,14093.43,15069.9,13967.47,14887.09,3459.99982605
2020-11-18 00:00:00+00:00,14877.69,15522.56,14473.61,15013.49,5292.59208994
2020-11-19 00:00:00+00:00,15015.26,15377.29,14672.79,15032.78,2813.64093359
2020-11-20 00:00:00+00:00,15034.09,15873.96,14940.57,15749.98,2871.92443054
2020-11-21 00:00:00+00:00,15735.51,15973.37,15502.57,15745.8,1599.56957882
2020-11-22 00:00:00+00:00,15740.0,15950.0,13101.01,15539.44,4086.56264625
2020-11-23 00:00:00+00:00,15515.17,15811.4,15153.32,15535.87,1883.2475047
2020-11-24 00:00:00+00:00,15515.04,16385.68,15250.0,16109.09,5269.88067994
2020-11-25 00:00:00+00:00,16111.63,16394.03,15517.14,15725.86,2466.0653068
2020-11-26 00:00:00+00:00,15709.62,15861.01,13559.5,14415.0,9789.9147976
2020-11-27 00:00:00+00:00,14408.56,14660.0,13767.2,14332.52,3242.72336971
2020-11-28 00:00:00+00:00,14336.77,14975.0,14119.55,14835.73,2018.34110705
2020-11-29 00:00:00+00:00,14830.64,15344.04,14673.44,15202.59,1742.6341309
2020-11-30 00:00:00+00:00,15209.47,16569.0,15204.49,16430.87,4808.14841558
2020-12-01 00:00:00+00:00,16433.81,16646.8,15115.08,15580.28,4247.68756479
2020-12-02 00:00:00+00:00,15582.63,16077.58,15200.0,15879.71,1864.52533694
2020-12-03 00:00:00+00:00,15856.24,16149.0,15600.0,16017.53,1840.13228344
2020-12-04 00:00:00+00:00,16008.52,16091.81,15320.0,15413.88,2220.39627967
2020-12-05 00:00:00+00:00,15407.46,15949.5,15146.7,15814.84,947.54462907
2020-12-06 00:00:00+00:00,15817.75,16016.0,15592.86,15990.27,831.79240462
2020-12-07 00:00:00+00:00,15992.2,16027.57,15615.01,15838.28,1332.65485067
2020-12-08 00:00:00+00:00,15831.52,15935.98,15015.0,15134.28,2026.39692629
2020-12-09 00:00:00+00:00,15131.82,15450.0,14539.36,15364.83,2629.01452329
2020-12-10 00:00:00+00:00,15361.65,15376.25,14746.75,15027.05,1488.11274309
2020-12-11 00:00:00+00:00,15033.96,15064.85,14500.0,14899.56,2412.2099082
2020-12-12 00:00:00+00:00,14910.29,15655.0,14881.75,15534.46,1364.10096301
2020-12-13 00:00:00+00:00,15541.24,16016.16,15474.6,15792.31,1383.11801606
2020-12-14 00:00:00+00:00,15779.34,15938.0,15662.65,15865.66,1390.63153899
2020-12-15 00:00:00+00:00,15856.08,16092.72,15676.54,15977.45,1932.68993193
2020-12-16 00:00:00+00:00,15988.0,17683.21,15869.69,17523.09,4519.32717703
2020-12-17 00:00:00+00:00,17512.21,19441.05,17402.72,18577.26,6744.56442874
2020-12-18 00:00:00+00:00,18563.62,18977.43,18250.14,18880.65,2901.59825529
2020-12-19 00:00:00+00:00,18862.78,19700.0,18596.21,19409.75,2702.15312304
2020-12-20 00:00:00+00:00,19409.75,19800.0,18800.68,19219.72,2125.07851807
2020-12-21 00:00:00+00:00,19208.69,19760.57,18052.66,18606.57,4188.26873463
2020-12-22 00:00:00+00:00,18594.23,19550.0,18340.0,19528.43,2515.73840514
2020-12-23 00:00:00+00:00,19525.67,19800.0,18527.13,19054.03,3516.79168449
2020-12-24 00:00:00+00:00,19046.39,19710.0,18610.0,19462.66,2468.99819308
2020-12-25 00:00:00+00:00,19467.14,20310.0,19241.73,20233.92,2665.63345636
2020-12-26 00:00:00+00:00,20242.64,22000.0,20066.55,21671.45,4031.66679755
2020-12-27 00:00:00+00:00,21683.48,23223.8,20937.7,21368.41,6680.55508754
2020-12-28 00:00:00+00:00,21351.71,22480.0,21201.32,22137.76,3126.04619552
2020-12-29 00:00:00+00:00,22121.38,22322.0,21000.0,22300.06,3049.23984901
2020-12-30 00:00:00+00:00,22311.53,23567.0,22304.12,23489.64,3480.54821462
2020-12-31 00:00:00+00:00,23491.71,23882.0,22750.0,23687.84,2459.91003811
2021-01-01 00:00:00+00:00,23671.62,24197.78,23511.4,24033.14,1601.19959034
2021-01-02 00:00:00+00:00,24033.69,26950.0,23600.0,25980.18,5533.29489706
2021-01-03 00:00:00+00:00,25981.53,27643.5,25645.4,26501.73,7408.14768028
2021-01-04 00:00:00+00:00,26500.7,27391.0,22252.0,26159.99,8254.99972217
2021-01-05 00:00:00+00:00,26140.58,28028.0,24390.0,27664.44,4822.78379327
2021-01-06 00:00:00+00:00,27675.67,29972.0,27053.86,29838.02,5147.29878367
2021-01-07 00:00:00+00:00,29853.94,32880.9,29200.0,32019.95,8432.53598579
2021-01-08 00:00:00+00:00,32044.12,34221.0,29771.73,33155.47,5794.31131674
2021-01-09 00:00:00+00:00,33138.74,33798.0,31715.18,32706.29,1948.78881434
2021-01-10 00:00:00+00:00,32669.98,33539.75,27770.0,31287.24,6633.47547952
2021-01-11 00:00:00+00:00,31287.24,31358.16,24700.0,29160.43,16214.8143825
2021-01-12 00:00:00+00:00,29113.23,30158.8,26693.85,27898.34,5641.67964238
2021-01-13 00:00:00+00:00,27889.23,31097.0,26516.2,30716.37,5735.8472912
2021-01-14 00:00:00+00:00,30739.48,33095.98,30223.39,32163.97,4286.32310405
2021-01-15 00:00:00+00:00,32171.63,32590.0,28385.61,30453.02,4590.21585715
2021-01-16 00:00:00+00:00,30404.34,31398.44,29133.14,29821.1,2493.15300275
2021-01-17 00:00:00+00:00,29821.07,30450.0,28023.88,29635.14,2367.56629465
2021-01-18 00:00:00+00:00,29624.01,31043.24,28834.62,30260.8,2455.87143528
2021-01-19 00:00:00+00:00,30300.19,31180.0,29487.14,29601.99,2512.25300306
2021-01-20 00:00:00+00:00,29563.67,29988.63,27621.97,29263.73,3347.53399604
2021-01-21 00:00:00+00:00,29282.94,29403.92,24700.0,25364.83,5937.83441024
2021-01-22 00:00:00+00:00,25375.7,27887.56,23670.85,27154.42,4240.56197527
2021-01-23 00:00:00+00:00,27120.8,27550.0,25841.1,26373.62,1588.66014357
2021-01-24 00:00:00+00:00,26363.79,27156.13,25440.0,26525.19,1430.03424215
2021-01-25 00:00:00+00:00,26552.69,28713.15,26320.0,26600.19,2817.57335365
2021-01-26 00:00:00+00:00,26579.58,27083.24,25397.67,26752.71,2616.79879568
2021-01-27 00:00:00+00:00,26715.32,26785.16,24207.77,25121.0,3443.31371087
2021-01-28 00:00:00+00:00,25104.88,27879.1,24721.12,27583.46,2789.76347358
2021-01-29 00:00:00+00:00,27564.62,31588.64,26429.43,28200.0,8393.46978252
2021-01-30 00:00:00+00:00,28220.48,28773.57,27084.14,28252.88,2025.61044955
2021-01-31 00:00:00+00:00,28237.88,28305.44,26561.65,27312.77,1956.12190827
2021-02-01 00:00:00+00:00,27334.25,28693.78,26666.0,27799.78,2480.84561755
2021-02-02 00:00:00+00:00,27758.47,29950.0,27712.94,29487.88,2523.75633898
2021-02-03 00:00:00+00:00,29482.64,31287.04,29396.47,31230.94,2609.06496501
2021-02-04 00:00:00+00:00,31241.26,32281.48,30209.33,30904.01,3119.28574244
2021-02-05 00:00:00+00:00,30874.26,31940.13,30614.41,31779.58,1653.63891815
2021-02-06 00:00:00+00:00,31806.01,34000.0,31734.05,32621.21,2423.93066857
2021-02-07 00:00:00+00:00,32630.49,32999.0,31042.0,32252.19,2169.56838282
2021-02-08 00:00:00+00:00,32259.2,38791.0,31580.61,38485.29,5987.86712654
2021-02-09 00:00:00+00:00,38496.78,39923.32,37221.0,38400.0,4076.12001124
2021-02-10 00:00:00+00:00,38399.31,39158.6,36028.41,37025.37,3019.13900721
2021-02-11 00:00:00+00:00,37068.49,40000.0,36383.79,39539.59,3367.85585002
2021-02-12 00:00:00+00:00,39572.43,40284.38,38230.48,39124.46,2803.11870726
2021-02-13 00:00:00+00:00,39126.96,39714.85,38300.47,39035.84,1477.30655767
2021-02-14 00:00:00+00:00,39035.83,41074.06,38907.4,40187.08,2145.55126734
2021-02-15 00:00:00+00:00,40177.28,40524.02,38058.74,39543.3,2845.79004073
2021-02-16 00:00:00+00:00,39537.04,41500.0,38843.35,40669.37,3347.98152423
2021-02-17 00:00:00+00:00,40681.52,43715.61,40483.5,43248.05,3382.20495361
2021-02-18 00:00:00+00:00,43270.0,43571.7,42204.24,42661.52,2113.76400446
2021-02-19 00:00:00+00:00,42692.64,46368.24,42065.66,46059.2,3367.98381626
2021-02-20 00:00:00+00:00,46109.31,47432.13,44769.42,46252.36,2462.17348214
2021-02-21 00:00:00+00:00,46206.63,48115.2,45968.92,47419.31,1539.48195169
2021-02-22 00:00:00+00:00,47400.0,47491.99,39000.0,44529.92,8682.9529732
2021-02-23 00:00:00+00:00,44524.94,44586.34,36900.0,40231.97,10704.04724111
2021-02-24 00:00:00+00:00,40240.02,42387.86,38695.24,40869.4,4931.7944231
2021-02-25 00:00:00+00:00,40863.22,42538.6,38511.0,38843.16,3083.8495526
2021-02-26 00:00:00+00:00,38832.61,40058.12,36443.11,38431.58,4187.78115088
2021-02-27 00:00:00+00:00,38409.55,40064.7,37469.96,38300.0,1801.8422789
2021-02-28 00:00:00+00:00,38311.6,38701.93,35750.0,37377.25,2941.12796111
2021-03-01 00:00:00+00:00,37402.76,41333.75,37225.99,41164.68,2879.70281091
2021-03-02 00:00:00+00:00,41164.68,41680.42,38974.68,40159.4,2260.4148853
2021-03-03 00:00:00+00:00,40165.01,43570.98,39872.61,41819.69,2662.15508041
2021-03-04 00:00:00+00:00,41841.31,42924.4,39704.24,40413.35,2799.01265278
2021-03-05 00:00:00+00:00,40432.4,41500.41,38800.0,40916.78,2580.34261165
2021-03-06 00:00:00+00:00,40898.01,41284.11,39631.59,40993.53,1076.47709166
2021-03-07 00:00:00+00:00,41045.47,43099.12,41045.47,42660.36,1820.05113576
2021-03-08 00:00:00+00:00,42656.41,44100.0,41483.32,44094.1,2147.07040788
2021-03-09 00:00:00+00:00,44094.1,46124.0,43691.09,46124.0,2179.17459584
2021-03-10 00:00:00+00:00,46124.0,48076.16,44687.2,46865.9,2656.51024707
2021-03-11 00:00:00+00:00,46889.55,48475.35,45508.21,48233.19,2409.91493722
2021-03-12 00:00:00+00:00,48271.47,48420.0,46069.03,47792.61,2626.83200744
2021-03-13 00:00:00+00:00,47804.66,50498.0,46904.51,50162.95,2389.48783449
2021-03-14 00:00:00+00:00,50179.87,50700.0,49243.23,49350.16,1194.33235501
2021-03-15 00:00:00+00:00,49350.16,50564.58,46012.0,46725.79,3712.11730012
2021-03-16 00:00:00+00:00,46705.53,47788.74,44760.0,47776.6,2387.91753766
2021-03-17 00:00:00+00:00,47788.72,49195.47,45564.02,49153.8,2169.83310581
2021-03-18 00:00:00+00:00,49175.1,50378.19,47871.25,48403.51,2047.42547942
2021-03-19 00:00:00+00:00,48403.5,49911.53,47300.0,48829.53,1626.41041939
2021-03-20 00:00:00+00:00,48827.26,50200.8,48652.97,48876.41,1373.29684425
2021-03-21 00:00:00+00:00,48821.4,49257.61,46900.0,48264.16,1650.08099742
2021-03-22 00:00:00+00:00,48284.85,49085.82,45169.58,45402.3,2105.70672768
2021-03-23 00:00:00+00:00,45402.3,47126.88,44500.39,45972.73,2433.718748
2021-03-24 00:00:00+00:00,45914.85,48411.45,43300.0,44269.28,3149.49343859
2021-03-25 00:00:00+00:00,44313.67,45098.34,42745.2,43693.72,3314.40296628
2021-03-26 00:00:00+00:00,43630.38,46729.78,43580.58,46709.25,1435.52727576
2021-03-27 00:00:00+00:00,46671.5,47937.9,45747.91,47375.77,1249.33948298
2021-03-28 00:00:00+00:00,47302.74,47906.82,46345.35,47343.08,1002.59730342
2021-03-29 00:00:00+00:00,47344.27,49490.0,46638.72,48880.44,2244.02826498
2021-03-30 00:00:00+00:00,48866.43,50499.17,48435.32,50124.03,1579.81241003
2021-03-31 00:00:00+00:00,50085.26,50975.0,48500.0,50028.89,2102.32534138
2021-04-01 00:00:00+00:00,50014.16,50669.1,49219.0,49895.83,1084.18841164
2021-04-02 00:00:00+00:00,49900.87,51047.18,49687.42,50136.05,1352.04998671
2021-04-03 00:00:00+00:00,50106.52,50660.33,48624.8,48763.0,1159.26454922
2021-04-04 00:00:00+00:00,48718.92,49876.6,48250.0,49456.77,1032.66493062
2021-04-05 00:00:00+00:00,49465.27,50197.26,48338.63,49950.0,1277.86693677
2021-04-06 00:00:00+00:00,49950.0,50190.0,48450.0,48876.04,1323.99400483
2021-04-07 00:00:00+00:00,48860.26,49420.72,46810.5,47228.84,2468.49528653
2021-04-08 00:00:00+00:00,47213.41,48830.72,47011.2,48776.48,1092.82731317
2021-04-09 00:00:00+00:00,48755.65,49539.4,48553.6,48907.45,767.65024863
2021-04-10 00:00:00+00:00,48894.33,50755.4,48722.68,50146.06,1968.97450631
2021-04-11 00:00:00+00:00,50131.21,50600.0,49541.6,50342.94,1064.91727639
2021-04-12 00:00:00+00:00,50391.21,51446.04,49965.0,50189.68,1665.50337817
2021-04-13 00:00:00+00:00,50189.68,53333.0,50143.92,53154.03,2349.00928757
2021-04-14 00:00:00+00:00,53189.76,54203.35,51300.0,52597.64,2378.78872429
2021-04-15 00:00:00+00:00,52625.14,53354.35,51911.5,52890.74,1287.96663158
2021-04-16 00:00:00+00:00,52851.44,53178.22,50080.23,51271.98,2337.81533726
2021-04-17 00:00:00+00:00,51293.15,52267.54,50179.53,50503.86,1330.67342218
2021-04-18 00:00:00+00:00,50537.44,50818.19,44099.05,47053.79,5854.4272275
2021-04-19 00:00:00+00:00,47039.18,48143.35,45223.78,46281.66,2352.75548362
2021-04-20 00:00:00+00:00,46284.52,47500.0,44311.1,47035.83,2672.01247349
2021-04-21 00:00:00+00:00,46998.59,47240.25,44620.0,44734.03,1843.96560359
2021-04-22 00:00:00+00:00,44728.8,46070.89,41983.12,43070.98,4161.631303
2021-04-23 00:00:00+00:00,43052.12,43364.81,39370.0,42404.06,5928.82378121
2021-04-24 00:00:00+00:00,42404.06,42421.7,40499.48,41534.18,2128.37110895
2021-04-25 00:00:00+00:00,41550.45,41883.74,38974.68,40650.69,1996.08837351
2021-04-26 00:00:00+00:00,40650.69,45045.68,40436.56,44787.52,3123.44110088
2021-04-27 00:00:00+00:00,44757.76,45920.0,44217.66,45562.78,1460.13458802
2021-04-28 00:00:00+00:00,45575.2,46527.98,44626.87,45257.39,1880.81742094
2021-04-29 00:00:00+00:00,45251.62,45524.12,43209.07,44202.49,1610.48613841
2021-04-30 00:00:00+00:00,44198.93,48179.68,43793.92,47991.24,2336.2137784
2021-05-01 00:00:00+00:00,47975.3,48682.7,47389.23,47998.17,1474.03907378
2021-05-02 00:00:00+00:00,48026.89,48090.64,46711.04,47090.62,1092.81432007
2021-05-03 00:00:00+00:00,47090.61,48996.82,46826.4,47404.06,1910.00885025
2021-05-04 00:00:00+00:00,47445.49,47474.42,44257.99,44352.95,3587.60663072
2021-05-05 00:00:00+00:00,44343.85,48300.0,44099.05,47810.75,2723.48280504
2021-05-06 00:00:00+00:00,47781.31,48423.35,45850.31,46778.47,2319.67399158
2021-05-07 00:00:00+00:00,46778.47,48292.28,45861.52,47278.79,1978.15418005
2021-05-08 00:00:00+00:00,47272.7,49000.0,46945.92,48470.77,1726.07131224
2021-05-09 00:00:00+00:00,48470.77,48769.77,46510.0,47907.7,1749.24352225
2021-05-10 00:00:00+00:00,47941.6,48976.04,44346.42,46067.89,3632.09451408
2021-05-11 00:00:00+00:00,46067.89,46898.15,44932.33,46740.9,1781.03332946
2021-05-12 00:00:00+00:00,46721.47,47872.64,40300.28,41027.63,3332.70892519
2021-05-13 00:00:00+00:00,41068.7,42540.64,37977.63,41149.99,6540.92763587
2021-05-14 00:00:00+00:00,41132.48,42539.34,40402.46,41083.47,2667.78202213
2021-05-15 00:00:00+00:00,41124.45,41723.91,38390.02,38577.9,2647.29613327
2021-05-16 00:00:00+00:00,38593.56,41042.54,36008.67,38194.32,3812.24829626
2021-05-17 00:00:00+00:00,38190.93,38338.18,34600.0,35844.09,5576.89309482
2021-05-18 00:00:00+00:00,35833.88,37657.59,34658.72,35148.55,3095.04062885
2021-05-19 00:00:00+00:00,35121.45,35680.05,24150.0,30233.82,16665.79431839
2021-05-20 00:00:00+00:00,30196.29,34997.76,28843.74,33235.5,8176.66932237
2021-05-21 00:00:00+00:00,33254.71,34528.49,27525.72,30682.85,7508.53290817
2021-05-22 00:00:00+00:00,30668.22,31912.04,28953.11,30816.45,3986.61085006
2021-05-23 00:00:00+00:00,30809.58,31434.32,25553.28,28503.62,7110.4242874
2021-05-24 00:00:00+00:00,28517.79,32790.13,28261.63,31805.78,4775.24920032
2021-05-25 00:00:00+00:00,31835.75,32628.3,29619.48,31343.53,3230.93152347
2021-05-26 00:00:00+00:00,31338.21,33450.1,30885.34,32249.7,2748.21580676
2021-05-27 00:00:00+00:00,32254.55,33188.67,30583.27,31585.12,2153.25427116
2021-05-28 00:00:00+00:00,31670.54,31943.19,28499.88,29321.99,3539.66871159
2021-05-29 00:00:00+00:00,29311.41,30620.05,27724.5,28487.42,3058.33389778
2021-05-30 00:00:00+00:00,28501.56,30018.41,27525.72,29298.12,2355.80797848
2021-05-31 00:00:00+00:00,29224.34,30675.96,28076.59,30514.17,2256.26668679
2021-06-01 00:00:00+00:00,30474.98,31000.02,29226.77,30028.05,2046.0996779
2021-06-02 00:00:00+00:00,30023.56,31332.1,29434.85,30798.03,1976.61198149
2021-06-03 00:00:00+00:00,30779.43,32395.02,30480.41,32339.24,1921.32685099
2021-06-04 00:00:00+00:00,32356.53,32395.0,29402.55,30301.55,2559.11762518
2021-06-05 00:00:00+00:00,30335.6,31278.52,28739.1,29293.79,2774.34928375
2021-06-06 00:00:00+00:00,29293.79,30066.04,29015.41,29463.22,1591.48959186
2021-06-07 00:00:00+00:00,29461.54,30272.25,27381.83,27608.37,2242.52051488
2021-06-08 00:00:00+00:00,27565.36,27975.28,25461.5,27461.98,4525.43083614
2021-06-09 00:00:00+00:00,27415.47,30834.82,26648.7,30706.72,3894.62676921
2021-06-10 00:00:00+00:00,30727.13,31622.32,29427.4,30142.73,3331.74690131
2021-06-11 00:00:00+00:00,30153.77,31014.18,29543.93,30833.96,2471.88166978
2021-06-12 00:00:00+00:00,30849.99,30932.93,28705.7,29393.69,2524.69492902
2021-06-13 00:00:00+00:00,29422.62,32492.75,28824.58,32204.72,2836.88364101
2021-06-14 00:00:00+00:00,32192.01,33854.55,32021.82,33430.85,3146.81517626
2021-06-15 00:00:00+00:00,33433.46,34099.98,32636.09,33126.81,1932.79522475
2021-06-16 00:00:00+00:00,33135.25,33390.22,31748.18,31963.63,1966.65386708
2021-06-17 00:00:00+00:00,31992.59,33109.16,31435.7,31961.15,2081.63089841
2021-06-18 00:00:00+00:00,31944.6,32069.81,29622.2,30211.85,1994.31066602
2021-06-19 00:00:00+00:00,30226.82,30748.35,29407.54,29994.96,1678.35363584
2021-06-20 00:00:00+00:00,29987.23,30443.13,28193.92,29982.08,2419.97257418
2021-06-21 00:00:00+00:00,29986.68,30096.53,26236.45,26548.81,4851.35673376
2021-06-22 00:00:00+00:00,26521.54,27912.0,24213.32,27227.09,5962.84321817
2021-06-23 00:00:00+00:00,27242.83,29184.23,26584.86,28238.94,2711.61044319
2021-06-24 00:00:00+00:00,28230.84,29547.64,27132.43,29049.95,2129.69902979
2021-06-25 00:00:00+00:00,29045.98,29721.64,26238.32,26483.71,3027.29953202
2021-06-26 00:00:00+00:00,26496.71,27426.87,25341.99,27061.5,3115.05268219
2021-06-27 00:00:00+00:00,27067.66,29066.88,26801.69,29010.14,2056.80737439
2021-06-28 00:00:00+00:00,29055.14,29564.99,28439.77,28882.59,2086.58358373
2021-06-29 00:00:00+00:00,28895.93,30773.5,28740.15,30120.86,2257.98801988
2021-06-30 00:00:00+00:00,30185.18,30332.43,28740.15,29569.32,1625.41885113
2021-07-01 00:00:00+00:00,29575.83,29575.83,27630.89,28277.33,1785.73160801
2021-07-02 00:00:00+00:00,28278.84,28671.41,27626.87,28479.65,1408.65285097
2021-07-03 00:00:00+00:00,28519.33,29437.83,28126.38,29198.07,730.2682086
2021-07-04 00:00:00+00:00,29185.39,30270.79,28969.93,29731.26,644.03943376
2021-07-05 00:00:00+00:00,29696.32,29715.97,27931.13,28425.11,1318.09658636
2021-07-06 00:00:00+00:00,28413.76,29614.88,28371.99,28937.46,1309.03181382
2021-07-07 00:00:00+00:00,28944.85,29677.15,28668.11,28742.15,1071.94324704
2021-07-08 00:00:00+00:00,28737.88,28782.97,27146.05,27757.37,2021.96711289
2021-07-09 00:00:00+00:00,27762.42,28714.46,27268.38,28501.43,1332.10014713
2021-07-10 00:00:00+00:00,28497.14,28838.57,27857.82,28219.0,695.104787
2021-07-11 00:00:00+00:00,28222.61,29121.79,28059.0,28832.74,669.63500033
2021-07-12 00:00:00+00:00,28866.59,29191.74,27558.75,27909.73,962.93529127
2021-07-13 00:00:00+00:00,27919.51,28159.59,27350.0,27814.18,1067.2369258
2021-07-14 00:00:00+00:00,27785.35,27972.0,26841.15,27728.78,1222.96167451
2021-07-15 00:00:00+00:00,27734.79,28042.5,26389.02,26972.02,1324.06330569
2021-07-16 00:00:00+00:00,26974.95,27302.66,26288.39,26587.5,1078.16164674
2021-07-17 00:00:00+00:00,26582.68,27072.8,26419.43,26731.36,921.57570655
2021-07-18 00:00:00+00:00,26700.77,27459.78,26406.11,26893.75,672.3034317
2021-07-19 00:00:00+00:00,26913.54,27025.0,25752.0,26143.04,1070.13688491
2021-07-20 00:00:00+00:00,26137.53,26323.13,24828.27,25293.43,1526.78307731
2021-07-21 00:00:00+00:00,25286.42,27802.75,25059.37,27240.36,1917.4202259
2021-07-22 00:00:00+00:00,27240.36,27700.0,26905.6,27433.92,983.82941181
2021-07-23 00:00:00+00:00,27439.68,28562.45,27210.0,28557.73,1161.60553934
2021-07-24 00:00:00+00:00,28544.54,29332.11,28363.7,29116.86,754.21854133
2021-07-25 00:00:00+00:00,29114.89,30044.16,28757.34,30038.12,685.88509808
2021-07-26 00:00:00+00:00,30044.16,34362.4,29909.12,31550.68,4471.99724402
2021-07-27 00:00:00+00:00,31550.92,33433.83,30848.95,33433.83,1885.45402137
2021-07-28 00:00:00+00:00,33390.89,34659.0,32883.28,33799.73,2815.6344951
2021-07-29 00:00:00+00:00,33817.09,34239.48,33148.9,33686.31,1156.38279766
2021-07-30 00:00:00+00:00,33688.99,35624.9,32219.25,35555.82,1718.25471493
2021-07-31 00:00:00+00:00,35570.49,35690.0,34619.52,34894.34,883.85926252
2021-08-01 00:00:00+00:00,34901.79,35859.0,33268.37,33583.13,1123.90394155
2021-08-02 00:00:00+00:00,33609.03,34075.97,32596.97,32966.56,1252.47834112
2021-08-03 00:00:00+00:00,32976.51,33516.51,31748.18,32188.49,1352.04401832
2021-08-04 00:00:00+00:00,32167.8,33766.89,31658.49,33551.36,1208.34385654
2021-08-05 00:00:00+00:00,33568.47,34967.34,31573.49,34532.14,1981.37024873
2021-08-06 00:00:00+00:00,34518.83,36848.59,33741.14,36365.9,1820.62334425
2021-08-07 00:00:00+00:00,36359.01,37945.0,36051.72,37797.64,1408.09747512
2021-08-08 00:00:00+00:00,37836.65,38474.77,36684.22,37281.17,1086.70860121
2021-08-09 00:00:00+00:00,37333.85,39596.63,36442.24,39426.46,1805.09448234
2021-08-10 00:00:00+00:00,39425.28,39806.84,38111.58,38929.53,1385.77970837
2021-08-11 00:00:00+00:00,38924.45,39833.02,38695.24,38800.0,858.77753943
2021-08-12 00:00:00+00:00,38792.32,39374.03,37325.0,37836.99,918.21427971
2021-08-13 00:00:00+00:00,37867.96,40596.71,37750.18,40481.07,1117.9097968
2021-08-14 00:00:00+00:00,40503.27,40780.0,39075.05,39930.1,885.2661939
2021-08-15 00:00:00+00:00,39932.73,40155.45,38648.86,39863.35,834.99918774
2021-08-16 00:00:00+00:00,39859.26,40707.41,38788.16,38978.92,1372.9333916
2021-08-17 00:00:00+00:00,38983.75,40091.07,38000.0,38186.49,1114.25253774
2021-08-18 00:00:00+00:00,38139.79,39299.99,37798.9,38257.01,1318.6674837
2021-08-19 00:00:00+00:00,38234.24,40289.35,37654.1,40047.49,1321.02207625
2021-08-20 00:00:00+00:00,40032.89,42249.0,39919.8,42236.96,3145.28171548
2021-08-21 00:00:00+00:00,42236.86,42731.16,41400.0,41811.72,2025.75052997
2021-08-22 00:00:00+00:00,41806.52,42394.77,41200.0,42171.97,710.89806416
2021-08-23 00:00:00+00:00,42145.34,43112.12,41751.58,42192.53,1171.02328479
2021-08-24 00:00:00+00:00,42122.31,42500.0,40530.77,40638.19,1189.00780284
2021-08-25 00:00:00+00:00,40618.71,41843.68,40137.0,41618.04,806.74695594
2021-08-26 00:00:00+00:00,41606.15,41945.82,39420.0,39881.0,1961.81299702
2021-08-27 00:00:00+00:00,39865.09,41700.0,39463.7,41610.4,997.22214555
2021-08-28 00:00:00+00:00,41579.02,41795.59,41007.18,41454.56,386.96652022
2021-08-29 00:00:00+00:00,41468.99,42064.8,40548.08,41374.53,519.82363868
2021-08-30 00:00:00+00:00,41368.78,41462.2,39754.1,39864.13,902.91969849
2021-08-31 00:00:00+00:00,39829.3,40800.0,39592.56,39913.0,954.54419021
2021-09-01 00:00:00+00:00,39900.91,41460.0,39413.66,41243.36,850.05069496
2021-09-02 00:00:00+00:00,41235.7,42510.29,41056.49,41525.77,1284.31590461
2021-09-03 00:00:00+00:00,41482.63,42949.99,40716.8,42093.85,1171.3215512
2021-09-04 00:00:00+00:00,42093.9,42590.55,41615.44,42051.68,452.36363336
2021-09-05 00:00:00+00:00,42054.93,43648.97,41682.11,43523.18,469.81871101
2021-09-06 00:00:00+00:00,43496.96,44470.81,43004.71,44388.93,710.00321974
2021-09-07 00:00:00+00:00,44422.86,44562.83,36443.11,39520.4,3775.94365469
2021-09-08 00:00:00+00:00,39612.52,39974.85,37614.72,38991.57,1754.48851281
2021-09-09 00:00:00+00:00,38976.0,40064.7,38526.08,39249.21,846.63103398
2021-09-10 00:00:00+00:00,39249.21,39786.82,37420.3,38001.41,1740.22521435
2021-09-11 00:00:00+00:00,38011.17,38968.85,37926.91,38252.34,384.44672254
2021-09-12 00:00:00+00:00,38263.95,39313.68,37948.33,38997.32,506.68240578
2021-09-13 00:00:00+00:00,38958.86,39738.1,36838.59,38068.67,1674.71185357
2021-09-14 00:00:00+00:00,38086.09,40048.0,37823.49,39924.0,848.56101188
2021-09-15 00:00:00+00:00,39911.11,41028.0,39581.1,40725.65,864.70654911
2021-09-16 00:00:00+00:00,40728.96,41131.19,39968.72,40604.64,870.23746321
2021-09-17 00:00:00+00:00,40569.67,40927.63,39872.97,40340.2,770.78369856
2021-09-18 00:00:00+00:00,40343.4,41670.0,40138.9,41226.41,505.35179051
2021-09-19 00:00:00+00:00,41203.87,41275.9,39982.11,40287.75,417.57748332
2021-09-20 00:00:00+00:00,40314.61,40380.99,36301.0,36694.55,2300.66295909
2021-09-21 00:00:00+00:00,36705.4,37219.98,33752.96,34744.7,3082.80482997
2021-09-22 00:00:00+00:00,34777.85,37494.3,34625.29,37308.93,1191.15173016
2021-09-23 00:00:00+00:00,37300.0,38325.76,36882.8,38255.78,910.09703473
2021-09-24 00:00:00+00:00,38238.61,38461.72,34736.16,36560.48,1871.03655636
2021-09-25 00:00:00+00:00,36554.97,36730.23,35602.05,36459.34,550.22522447
2021-09-26 00:00:00+00:00,36455.26,37488.39,34879.09,36867.78,1019.70868293
2021-09-27 00:00:00+00:00,36798.2,37839.4,36033.81,36091.33,862.03325475
2021-09-28 00:00:00+00:00,36058.24,36584.55,35006.39,35128.31,1121.21370432
2021-09-29 00:00:00+00:00,35107.44,36544.87,34888.07,35793.9,846.63689319
2021-09-30 00:00:00+00:00,35820.72,38088.07,35708.63,37834.25,1066.44795759
2021-10-01 00:00:00+00:00,37828.58,41799.23,37400.0,41504.89,1728.0322611
2021-10-02 00:00:00+00:00,41483.31,41672.59,40913.08,41027.02,579.36689369
2021-10-03 00:00:00+00:00,41066.87,42308.36,40574.83,41513.17,616.82171874
2021-10-04 00:00:00+00:00,41513.17,42574.1,40359.04,42381.27,1146.41859082
2021-10-05 00:00:00+00:00,42356.86,44707.54,42217.6,44367.68,1290.46549315
2021-10-06 00:00:00+00:00,44376.38,48151.0,43602.18,47695.19,2017.85737998
2021-10-07 00:00:00+00:00,47749.0,47766.52,46149.76,46532.57,962.15195742
2021-10-08 00:00:00+00:00,46504.48,48529.69,46443.85,46576.02,769.82047252
2021-10-09 00:00:00+00:00,46622.38,47927.82,46423.0,47407.24,415.15640012
2021-10-10 00:00:00+00:00,47425.0,48799.72,46768.17,47347.31,486.63746772
2021-10-11 00:00:00+00:00,47269.04,49996.0,47071.36,49777.61,1064.03057246
2021-10-12 00:00:00+00:00,49678.55,49899.98,46806.18,48551.85,1178.03782185
2021-10-13 00:00:00+00:00,48523.5,49789.0,46936.74,49472.12,1062.78979242
2021-10-14 00:00:00+00:00,49477.95,50488.49,49000.0,49492.63,913.40279399
2021-10-15 00:00:00+00:00,49483.16,54027.05,49035.96,53051.0,1875.56416016
2021-10-16 00:00:00+00:00,53054.74,53657.15,51686.69,52321.44,461.18713323
2021-10-17 00:00:00+00:00,52313.49,53101.21,50779.29,52950.8,534.40095365
2021-10-18 00:00:00+00:00,53016.25,53942.43,51632.19,53392.27,901.86519883
2021-10-19 00:00:00+00:00,53409.29,55384.59,52654.99,55205.07,1035.84188613
2021-10-20 00:00:00+00:00,55209.28,57482.42,54527.81,56570.0,1060.82984429
2021-10-21 00:00:00+00:00,56595.29,57099.95,53317.4,53508.93,1523.22958504
2021-10-22 00:00:00+00:00,53448.4,54724.34,51550.0,52133.01,1079.44229089
2021-10-23 00:00:00+00:00,52098.02,53044.3,51303.47,52748.13,433.89347785
2021-10-24 00:00:00+00:00,52731.91,52866.85,51203.0,52299.33,614.50704343
2021-10-25 00:00:00+00:00,52292.9,54899.89,52066.74,54344.88,732.08040158
2021-10-26 00:00:00+00:00,54340.62,54527.79,51601.15,52004.74,635.63659457
2021-10-27 00:00:00+00:00,52049.83,52975.35,50109.0,50445.34,1321.73766425
2021-10-28 00:00:00+00:00,50400.11,53419.96,48452.01,51898.09,1785.47830185
2021-10-29 00:00:00+00:00,51897.87,54527.81,51533.0,53812.99,1079.40135183
2021-10-30 00:00:00+00:00,53795.92,53923.45,52600.86,53587.44,534.95185815
2021-10-31 00:00:00+00:00,53536.53,53975.03,51939.93,53109.2,506.89815183
2021-11-01 00:00:00+00:00,53094.14,53987.37,51539.3,52576.35,905.68681886
2021-11-02 00:00:00+00:00,52520.49,55490.0,52303.31,54631.13,880.81046775
2021-11-03 00:00:00+00:00,54637.4,54896.66,52079.27,54208.92,915.06372809
2021-11-04 00:00:00+00:00,54186.84,54353.78,52540.17,53225.2,699.38019297
2021-11-05 00:00:00+00:00,53181.32,54214.16,52550.0,52779.63,593.02915173
2021-11-06 00:00:00+00:00,52773.59,53326.58,52110.33,53326.58,498.39963498
2021-11-07 00:00:00+00:00,53292.17,54761.92,53172.62,54726.88,421.4814006
2021-11-08 00:00:00+00:00,54766.16,58455.69,54747.35,58247.9,1774.09212766
2021-11-09 00:00:00+00:00,58220.4,59049.75,57187.21,57724.95,1002.90442165
2021-11-10 00:00:00+00:00,57784.21,59666.0,54888.0,56616.2,1935.03651929
2021-11-11 00:00:00+00:00,56485.7,57262.23,55897.0,56642.65,829.49160062
2021-11-12 00:00:00+00:00,56622.67,57263.74,54462.45,56054.71,872.15324631
2021-11-13 00:00:00+00:00,56037.15,56824.52,55415.96,56312.86,345.85529586
2021-11-14 00:00:00+00:00,56301.41,57268.69,55674.12,57262.46,739.80369122
2021-11-15 00:00:00+00:00,57256.04,57967.01,55818.52,55976.85,705.45427548
2021-11-16 00:00:00+00:00,55982.85,56004.93,51640.39,53107.95,1985.54503773
2021-11-17 00:00:00+00:00,53159.5,53791.57,51679.58,53384.51,976.27262567
2021-11-18 00:00:00+00:00,53360.05,53855.8,49727.29,50118.15,1406.64661841
2021-11-19 00:00:00+00:00,50072.63,51689.14,49049.0,51605.68,1145.71825836
2021-11-20 00:00:00+00:00,51593.19,53130.0,50986.0,53002.66,567.93152127
2021-11-21 00:00:00+00:00,53027.17,53286.43,51997.52,52100.96,348.47531231
2021-11-22 00:00:00+00:00,52113.36,52727.17,49576.69,50091.23,1283.67390835
2021-11-23 00:00:00+00:00,50091.23,51458.37,49257.78,51205.24,908.17193699
2021-11-24 00:00:00+00:00,51193.65,51359.75,49916.02,51060.4,612.88871088
2021-11-25 00:00:00+00:00,51024.22,53032.87,50905.0,52615.66,616.51221635
2021-11-26 00:00:00+00:00,52657.6,52833.87,47412.42,47434.74,1603.62129364
2021-11-27 00:00:00+00:00,47539.69,48948.84,47475.59,48502.15,652.6963269
2021-11-28 00:00:00+00:00,48452.99,50924.89,47121.76,50816.49,884.20137102
2021-11-29 00:00:00+00:00,50766.6,52286.34,50300.0,51204.3,745.5474973
2021-11-30 00:00:00+00:00,51206.52,52090.38,49443.47,50275.13,1045.82958799
2021-12-01 00:00:00+00:00,50269.56,52150.0,49930.98,50581.52,823.89712094
2021-12-02 00:00:00+00:00,50544.19,50694.82,49283.08,50013.96,673.46002652
2021-12-03 00:00:00+00:00,49994.66,50953.35,45830.0,47461.66,1268.62917972
2021-12-04 00:00:00+00:00,47483.64,47674.24,37398.21,43611.08,4484.4756326
2021-12-05 00:00:00+00:00,43598.11,44046.19,42286.31,43741.92,925.29890304
2021-12-06 00:00:00+00:00,43729.79,45169.58,41433.98,44841.12,1316.41185326
2021-12-07 00:00:00+00:00,44756.22,46227.09,44424.31,44906.91,839.77115092
2021-12-08 00:00:00+00:00,44901.16,45278.05,43157.28,44549.91,734.03466092
2021-12-09 00:00:00+00:00,44523.3,44841.85,41906.34,42143.59,966.3005892
2021-12-10 00:00:00+00:00,42134.3,44300.0,41482.63,41745.0,1201.2200603
2021-12-11 00:00:00+00:00,41747.5,43823.39,41383.3,43655.27,650.24362391
2021-12-12 00:00:00+00:00,43738.87,44899.53,43053.89,44315.33,523.39161549
2021-12-13 00:00:00+00:00,44301.47,44396.5,40539.59,41403.49,1296.28432006
2021-12-14 00:00:00+00:00,41414.65,43235.0,41037.3,42986.22,734.64255008
2021-12-15 00:00:00+00:00,42950.9,43835.4,41383.25,43296.53,1073.65981268
2021-12-16 00:00:00+00:00,43296.52,43782.86,41958.16,42037.36,571.12082588
2021-12-17 00:00:00+00:00,42044.98,42387.86,40257.36,41078.11,952.79292083
2021-12-18 00:00:00+00:00,41098.48,42142.15,40521.74,41698.5,424.25129868
2021-12-19 00:00:00+00:00,41666.44,42972.0,41341.13,41562.11,602.33932319
2021-12-20 00:00:00+00:00,41508.96,42156.65,40354.04,41564.05,726.40358541
2021-12-21 00:00:00+00:00,41587.7,43729.39,41374.28,43351.09,801.83306384
2021-12-22 00:00:00+00:00,43298.41,43950.0,42830.41,42935.71,437.37331106
2021-12-23 00:00:00+00:00,42932.37,45359.82,42400.0,44882.7,701.9234757
2021-12-24 00:00:00+00:00,44923.96,45824.31,44545.03,44906.65,639.93046987
2021-12-25 00:00:00+00:00,44919.68,45278.05,44400.0,44618.56,276.67710275
2021-12-26 00:00:00+00:00,44622.0,45332.38,43730.39,44899.58,575.95887974
2021-12-27 00:00:00+00:00,44866.47,45989.49,44600.0,44762.97,457.93109807
2021-12-28 00:00:00+00:00,44786.1,44786.1,41870.64,42050.86,889.16331308
2021-12-29 00:00:00+00:00,42066.65,42630.07,40624.0,40930.74,764.95413995
2021-12-30 00:00:00+00:00,40928.29,42379.62,40499.48,41659.96,676.72053296
2021-12-31 00:00:00+00:00,41640.3,42899.27,40138.3,40635.0,892.70549095
2022-01-01 00:00:00+00:00,40671.33,42208.89,40665.83,42022.45,333.37898145
2022-01-02 00:00:00+00:00,42021.11,42235.61,41086.54,41641.91,374.2013553
2022-01-03 00:00:00+00:00,41603.84,41906.88,40477.98,41097.03,477.51528577
2022-01-04 00:00:00+00:00,41122.5,42099.0,40402.46,40620.0,732.27588645
2022-01-05 00:00:00+00:00,40600.5,41429.0,37560.31,38447.06,1284.52092338
2022-01-06 00:00:00+00:00,38470.67,38741.66,37552.3,38177.96,1276.85961849
2022-01-07 00:00:00+00:00,38171.0,38224.28,35879.35,36594.36,1520.71732361
2022-01-08 00:00:00+00:00,36602.53,37276.64,35707.64,36691.15,982.09312219
2022-01-09 00:00:00+00:00,36701.68,37732.87,36312.23,36886.03,595.30593825
2022-01-10 00:00:00+00:00,36906.05,37282.99,35117.58,36943.34,1137.05520089
2022-01-11 00:00:00+00:00,36905.17,37959.81,36465.66,37638.04,771.42249544
2022-01-12 00:00:00+00:00,37611.51,38751.6,37372.59,38465.87,692.81726513
2022-01-13 00:00:00+00:00,38426.13,38715.9,36971.37,37164.89,578.44755486
2022-01-14 00:00:00+00:00,37160.74,38080.72,36486.85,37770.32,551.79602629
2022-01-15 00:00:00+00:00,37767.42,38417.8,37405.24,37817.23,348.46018367
2022-01-16 00:00:00+00:00,37802.75,38122.72,37376.89,37797.45,315.95293262
2022-01-17 00:00:00+00:00,37761.09,37893.0,36465.1,37026.86,532.4722375
2022-01-18 00:00:00+00:00,37026.29,37687.65,36355.81,37382.6,527.22189468
2022-01-19 00:00:00+00:00,37382.61,37576.39,36305.64,36750.05,653.64788917
2022-01-20 00:00:00+00:00,36751.42,38354.63,35879.35,36012.48,922.34183692
2022-01-21 00:00:00+00:00,35996.0,36384.19,31294.55,32199.37,2754.81930236
2022-01-22 00:00:00+00:00,32178.62,32475.03,30000.0,30939.9,2564.55456697
2022-01-23 00:00:00+00:00,30962.62,32175.04,30555.09,31966.39,1728.73713634
2022-01-24 00:00:00+00:00,31995.52,33165.09,29176.43,32439.64,2654.39274148
2022-01-25 00:00:00+00:00,32395.97,33308.3,31579.3,32737.78,1272.49821007
2022-01-26 00:00:00+00:00,32713.59,34528.49,32264.4,32773.52,1630.67120892
2022-01-27 00:00:00+00:00,32795.21,33430.0,31672.12,33380.85,1186.01201305
2022-01-28 00:00:00+00:00,33367.32,34112.78,32479.92,33877.82,967.94211671
2022-01-29 00:00:00+00:00,33830.53,34786.49,33543.45,34286.8,597.6831795
2022-01-30 00:00:00+00:00,34315.48,34487.11,33553.83,34021.47,449.79946613
2022-01-31 00:00:00+00:00,33997.68,34523.93,32887.43,34272.2,1091.19480281
2022-02-01 00:00:00+00:00,34268.26,34968.24,33791.16,34376.27,967.63000305
2022-02-02 00:00:00+00:00,34367.81,34509.09,32405.95,32688.94,893.50170203
2022-02-03 00:00:00+00:00,32691.77,32905.61,31752.34,32638.61,968.5242065
2022-02-04 00:00:00+00:00,32629.99,36449.69,32375.46,36318.17,1303.30325865
2022-02-05 00:00:00+00:00,36317.45,36655.01,35761.34,36180.0,568.95882679
2022-02-06 00:00:00+00:00,36206.08,37275.68,35987.48,37033.26,523.2985369
2022-02-07 00:00:00+00:00,37033.82,39021.45,36399.44,38351.97,1249.96128719
2022-02-08 00:00:00+00:00,38331.07,39874.55,37395.3,38602.52,1299.02946384
2022-02-09 00:00:00+00:00,38619.19,39289.25,37800.0,38902.06,783.17477379
2022-02-10 00:00:00+00:00,38883.29,39924.0,37959.81,38167.44,1293.27152166
2022-02-11 00:00:00+00:00,38135.87,38568.12,36971.37,37355.58,884.9314728
2022-02-12 00:00:00+00:00,37333.71,37949.31,36821.71,37246.86,347.28119685
2022-02-13 00:00:00+00:00,37238.94,37695.6,36927.06,37025.6,301.16181213
2022-02-14 00:00:00+00:00,37018.24,37897.77,36618.36,37642.26,716.48847941
2022-02-15 00:00:00+00:00,37624.3,39430.0,37525.97,39263.4,776.97677915
2022-02-16 00:00:00+00:00,39248.98,39274.46,38142.35,38593.55,432.96896875
2022-02-17 00:00:00+00:00,38583.34,38836.32,35300.0,35690.4,1036.48212822
2022-02-18 00:00:00+00:00,35690.4,36051.88,34857.36,35314.53,1091.03181233
2022-02-19 00:00:00+00:00,35311.79,35771.62,35029.0,35457.1,348.31169968
2022-02-20 00:00:00+00:00,35398.27,35458.74,33525.0,33930.81,768.60730488
2022-02-21 00:00:00+00:00,33960.67,34777.85,32550.03,32741.31,1425.17691013
2022-02-22 00:00:00+00:00,32718.7,33941.3,32200.0,33779.77,846.12120234
2022-02-23 00:00:00+00:00,33787.57,34625.72,32808.96,32981.85,775.22031878
2022-02-24 00:00:00+00:00,32951.59,35500.0,30566.89,34292.39,2670.104237
2022-02-25 00:00:00+00:00,34254.48,35376.16,34035.14,34804.88,1014.8252038
2022-02-26 00:00:00+00:00,34784.0,35711.19,34301.14,34732.42,496.31135064
2022-02-27 00:00:00+00:00,34732.52,35369.6,33186.92,33744.49,1403.48800766
2022-02-28 00:00:00+00:00,33749.39,39300.0,33475.12,38522.09,1825.13432046
2022-03-01 00:00:00+00:00,38476.88,40274.0,38317.16,39939.75,1449.46722921
2022-03-02 00:00:00+00:00,39949.03,40840.91,39066.21,39543.7,1205.92057729
2022-03-03 00:00:00+00:00,39543.7,39777.44,37778.15,38363.36,942.64326413
2022-03-04 00:00:00+00:00,38363.36,38415.35,35282.01,35825.0,1175.56711621
2022-03-05 00:00:00+00:00,35796.93,36277.73,35324.3,36050.92,408.3046712
2022-03-06 00:00:00+00:00,36050.77,36323.42,34888.98,35355.68,671.53258824
2022-03-07 00:00:00+00:00,35330.56,36393.05,34249.25,35008.57,1507.47500905
2022-03-08 00:00:00+00:00,34960.95,36000.0,34916.97,35561.53,1024.08825448
2022-03-09 00:00:00+00:00,35532.63,38741.67,35481.16,37904.4,1538.46938301
2022-03-10 00:00:00+00:00,37872.6,38043.59,34883.16,35822.74,1529.39293018
2022-03-11 00:00:00+00:00,35808.61,36530.63,34799.63,35500.0,1065.2685154
2022-03-12 00:00:00+00:00,35498.42,36181.82,35447.67,35595.96,335.83562574
2022-03-13 00:00:00+00:00,35581.23,36051.88,34416.36,34568.34,547.63936077
2022-03-14 00:00:00+00:00,34583.12,36470.45,34404.49,36268.42,858.70466229
2022-03-15 00:00:00+00:00,36236.65,36413.7,34744.5,35833.49,936.62309771
2022-03-16 00:00:00+00:00,35815.41,38044.15,35441.61,37288.76,1133.07349015
2022-03-17 00:00:00+00:00,37305.47,37578.39,36423.98,36898.48,486.85293503
2022-03-18 00:00:00+00:00,36899.7,38305.24,36289.12,37748.19,536.1991643
2022-03-19 00:00:00+00:00,37748.19,38364.36,37573.0,38184.17,273.85086832
2022-03-20 00:00:00+00:00,38159.29,38231.73,36952.88,37352.01,256.00277067
2022-03-21 00:00:00+00:00,37362.79,37654.19,36677.5,37230.12,513.01609016
2022-03-22 00:00:00+00:00,37205.87,39400.0,37134.77,38428.49,690.3039365
2022-03-23 00:00:00+00:00,38428.31,39093.6,37875.62,38954.02,527.44394437
2022-03-24 00:00:00+00:00,38944.37,40247.41,38839.4,39953.72,902.23771794
2022-03-25 00:00:00+00:00,39955.7,40963.41,39585.44,40355.71,725.02533587
2022-03-26 00:00:00+00:00,40355.71,40805.74,40183.0,40563.23,141.40406559
2022-03-27 00:00:00+00:00,40539.62,42750.0,40480.24,42654.46,393.90361551
2022-03-28 00:00:00+00:00,42653.18,43900.85,42487.47,42857.68,1023.0117738
2022-03-29 00:00:00+00:00,42863.27,43459.9,42265.32,42770.83,1131.84529901
2022-03-30 00:00:00+00:00,42763.13,42854.57,41907.8,42158.15,709.3171644
2022-03-31 00:00:00+00:00,42160.3,42900.0,40841.86,41099.34,593.07523789
2022-04-01 00:00:00+00:00,41099.34,42349.79,39966.0,41911.57,873.36120517
2022-04-02 00:00:00+00:00,41887.59,42724.71,41315.53,41506.2,344.11721674
2022-04-03 00:00:00+00:00,41503.14,42981.0,41271.05,42022.3,343.17665322
2022-04-04 00:00:00+00:00,42022.3,42738.99,41130.1,42472.79,564.11568132
2022-04-05 00:00:00+00:00,42430.0,43059.5,41603.58,41745.71,542.41104442
2022-04-06 00:00:00+00:00,41711.17,41840.4,39569.43,39638.27,786.24238665
2022-04-07 00:00:00+00:00,39633.34,40276.8,39212.46,39983.35,586.22795366
2022-04-08 00:00:00+00:00,39989.62,40470.89,38738.0,38855.05,435.75033036
2022-04-09 00:00:00+00:00,38840.24,39394.04,38752.85,39364.14,203.40712283
2022-04-10 00:00:00+00:00,39335.46,39869.17,38461.33,38721.44,387.39396047
2022-04-11 00:00:00+00:00,38729.51,38971.28,36035.99,36357.35,741.59311811
2022-04-12 00:00:00+00:00,36333.99,37513.0,36150.0,37043.06,766.97830462
2022-04-13 00:00:00+00:00,37019.7,38221.99,36561.08,37781.26,619.74553896
2022-04-14 00:00:00+00:00,37760.14,38182.25,36527.41,36903.56,688.09920322
2022-04-15 00:00:00+00:00,36933.75,37781.97,36777.46,37522.02,527.57057646
2022-04-16 00:00:00+00:00,37505.17,37671.53,37016.81,37396.57,161.33698103
2022-04-17 00:00:00+00:00,37374.49,37585.57,36573.3,36711.51,231.51452365
2022-04-18 00:00:00+00:00,36708.41,38125.5,35706.09,37849.58,761.44707597
2022-04-19 00:00:00+00:00,37862.16,38717.83,37568.64,38438.65,627.81907325
2022-04-20 00:00:00+00:00,38437.91,38965.63,37700.0,38151.04,891.70278778
2022-04-21 00:00:00+00:00,38120.01,39466.88,36737.44,37368.79,789.82140764
2022-04-22 00:00:00+00:00,37364.34,37747.11,36308.64,36800.43,711.42640594
2022-04-23 00:00:00+00:00,36784.84,37083.63,36424.18,36564.14,207.1338166
2022-04-24 00:00:00+00:00,36559.25,37037.16,36142.0,36508.11,514.96731498
2022-04-25 00:00:00+00:00,36519.79,37918.71,35572.25,37732.85,915.5788722
2022-04-26 00:00:00+00:00,37726.1,38153.11,35426.0,35837.81,936.24269574
2022-04-27 00:00:00+00:00,35808.06,37405.0,35630.55,37161.57,611.90325311
2022-04-28 00:00:00+00:00,37161.57,38461.72,36995.05,37842.39,976.765318
2022-04-29 00:00:00+00:00,37822.62,37915.09,36200.0,36614.2,685.56034499
2022-04-30 00:00:00+00:00,36606.33,36831.96,35694.7,35748.0,360.78497505
2022-05-01 00:00:00+00:00,35748.26,36702.98,35512.0,36530.32,338.44688646
2022-05-02 00:00:00+00:00,36491.67,37229.08,36248.42,36652.97,633.58612261
2022-05-03 00:00:00+00:00,36634.63,36766.28,35653.16,35855.34,596.84326351
2022-05-04 00:00:00+00:00,35858.92,37703.51,35784.45,37371.36,1189.73521723
2022-05-05 00:00:00+00:00,37338.55,37525.64,33831.66,34674.42,1140.5104079
2022-05-06 00:00:00+00:00,34670.85,34776.54,33350.37,34151.21,890.63282559
2022-05-07 00:00:00+00:00,34151.21,34266.28,33000.0,33627.61,288.74851193
2022-05-08 00:00:00+00:00,33627.61,33656.03,32000.0,32310.88,780.02307831
2022-05-09 00:00:00+00:00,32287.71,32530.65,28430.0,28456.27,2162.02320629
2022-05-10 00:00:00+00:00,28472.69,30939.11,28188.03,29438.22,1425.27469833
2022-05-11 00:00:00+00:00,29460.89,30450.68,26394.25,27611.2,2355.50207562
2022-05-12 00:00:00+00:00,27631.03,28712.23,24213.51,27867.05,3297.40296193
2022-05-13 00:00:00+00:00,27834.93,29817.72,27609.36,28072.85,1155.35187149
2022-05-14 00:00:00+00:00,28094.82,29072.46,27472.62,28874.46,713.95434328
2022-05-15 00:00:00+00:00,28881.06,30180.28,28277.16,30073.94,637.89826562
2022-05-16 00:00:00+00:00,30056.71,30083.93,27870.02,28581.16,1046.14922526
2022-05-17 00:00:00+00:00,28567.65,29300.47,27950.0,28849.03,881.02314508
2022-05-18 00:00:00+00:00,28827.95,29055.75,27316.07,27403.01,809.48881993
2022-05-19 00:00:00+00:00,27344.47,28810.04,27320.97,28633.62,1015.46815916
2022-05-20 00:00:00+00:00,28629.8,29034.86,27181.58,27634.3,671.84868204
2022-05-21 00:00:00+00:00,27603.07,28041.89,27390.27,27850.54,158.71520871
2022-05-22 00:00:00+00:00,27814.24,28795.0,27651.23,28632.6,307.66981313
2022-05-23 00:00:00+00:00,28618.04,28889.99,27009.2,27231.54,683.82147907
2022-05-24 00:00:00+00:00,27207.81,27761.95,26700.0,27586.22,524.41444389
2022-05-25 00:00:00+00:00,27586.21,28189.27,27487.5,27601.45,554.04573367
2022-05-26 00:00:00+00:00,27601.38,27906.28,26156.68,27182.92,686.99471285
2022-05-27 00:00:00+00:00,27161.26,27346.01,26350.0,26636.1,734.20507011
2022-05-28 00:00:00+00:00,26632.04,27248.63,26532.36,27030.19,370.07676212
2022-05-29 00:00:00+00:00,27009.84,27527.4,26844.66,27448.58,314.65971468
2022-05-30 00:00:00+00:00,27427.13,29853.48,27272.82,29422.62,1390.31340717
2022-05-31 00:00:00+00:00,29442.49,30184.64,29153.58,29611.33,816.54956084
2022-06-01 00:00:00+00:00,29598.44,29787.75,27518.23,27971.36,1127.28527212
2022-06-02 00:00:00+00:00,27955.77,28598.19,27616.65,28326.16,778.45989204
2022-06-03 00:00:00+00:00,28308.59,28532.38,27280.82,27722.4,672.693177
2022-06-04 00:00:00+00:00,27695.86,27975.11,27506.89,27870.19,134.97031255
2022-06-05 00:00:00+00:00,27844.11,28159.76,27565.16,27896.12,247.65732912
2022-06-06 00:00:00+00:00,27886.53,29666.57,27847.63,29328.48,1018.76970617
2022-06-07 00:00:00+00:00,29309.46,29475.17,27365.52,29053.44,1036.85771823
2022-06-08 00:00:00+00:00,29052.46,29249.93,27892.0,28148.43,834.96494935
2022-06-09 00:00:00+00:00,28152.11,28620.12,27857.44,28330.78,750.29441741
2022-06-10 00:00:00+00:00,28333.39,28537.47,27436.19,27652.82,905.73857609
2022-06-11 00:00:00+00:00,27661.2,27977.47,26746.88,26996.79,654.72085391
2022-06-12 00:00:00+00:00,27005.16,27129.16,25180.3,25300.6,1124.54408584
2022-06-13 00:00:00+00:00,25309.19,25578.2,21055.0,21580.07,2683.17869677
2022-06-14 00:00:00+00:00,21556.79,22371.14,20031.14,21188.0,1718.86687209
2022-06-15 00:00:00+00:00,21169.28,21778.2,19150.0,21571.07,3244.94825367
2022-06-16 00:00:00+00:00,21571.11,21947.23,19170.0,19314.4,1091.39074327
2022-06-17 00:00:00+00:00,19327.83,20315.45,19199.67,19486.93,1027.70814055
2022-06-18 00:00:00+00:00,19473.69,19773.17,16753.91,18066.06,1982.84775687
2022-06-19 00:00:00+00:00,18031.03,19821.3,17078.03,19599.19,1528.28072219
2022-06-20 00:00:00+00:00,19589.18,19990.0,18669.2,19559.09,1094.28693055
2022-06-21 00:00:00+00:00,19524.66,20566.61,19295.36,19651.71,1471.7537332
2022-06-22 00:00:00+00:00,19651.71,19756.36,18700.0,18899.81,1157.39421863
2022-06-23 00:00:00+00:00,18907.09,20152.96,18817.91,20059.74,1182.08213451
2022-06-24 00:00:00+00:00,20042.56,20400.0,19650.0,20097.51,948.84685876
2022-06-25 00:00:00+00:00,20098.36,20463.15,19817.6,20375.83,346.58821824
2022-06-26 00:00:00+00:00,20355.22,20746.86,19842.56,19909.14,503.51285055
2022-06-27 00:00:00+00:00,19908.28,20323.68,19354.17,19587.5,856.69294246
2022-06-28 00:00:00+00:00,19574.03,20035.49,19173.8,19236.03,737.28910185
2022-06-29 00:00:00+00:00,19238.14,19544.85,18839.0,19226.86,825.29448357
2022-06-30 00:00:00+00:00,19223.18,19276.74,17730.8,19023.58,1029.81158359
2022-07-01 00:00:00+00:00,19046.84,19923.39,18127.26,18480.39,1110.75168287
2022-07-02 00:00:00+00:00,18463.75,18649.1,18196.46,18447.39,286.52162125
2022-07-03 00:00:00+00:00,18447.7,18834.32,18009.38,18492.3,429.50867364
2022-07-04 00:00:00+00:00,18492.3,19476.88,18228.45,19360.82,691.83763402
2022-07-05 00:00:00+00:00,19375.06,20179.99,18749.66,19671.82,795.68323357
2022-07-06 00:00:00+00:00,19630.45,20270.0,19241.52,20168.48,770.89802313
2022-07-07 00:00:00+00:00,20150.34,21482.57,19825.65,21276.89,714.81088372
2022-07-08 00:00:00+00:00,21246.1,21999.0,20889.13,21195.95,1031.73035418
2022-07-09 00:00:00+00:00,21180.0,21566.53,20941.13,21206.32,205.71374458
2022-07-10 00:00:00+00:00,21192.18,21205.53,20264.24,20495.27,312.82267034
2022-07-11 00:00:00+00:00,20495.97,20602.39,19786.52,19859.19,653.33331002
2022-07-12 00:00:00+00:00,19855.02,20012.18,19167.92,19260.11,615.43817359
2022-07-13 00:00:00+00:00,19244.59,20219.01,18874.82,20173.44,961.01671804
2022-07-14 00:00:00+00:00,20144.82,20825.33,19600.0,20510.89,779.16044867
2022-07-15 00:00:00+00:00,20498.16,20999.99,20315.35,20649.29,556.76917268
2022-07-16 00:00:00+00:00,20640.0,21400.0,20302.93,21025.85,309.64873292
2022-07-17 00:00:00+00:00,21007.1,21480.0,20555.73,20590.33,228.28686877
2022-07-18 00:00:00+00:00,20599.62,22406.51,20568.48,22139.45,898.34998198
2022-07-19 00:00:00+00:00,22086.59,23297.13,21168.17,22873.04,1108.57857835
2022-07-20 00:00:00+00:00,22857.12,23807.35,22380.96,22805.08,1288.96274516
2022-07-21 00:00:00+00:00,22792.57,23000.45,21944.76,22657.93,960.6048881
2022-07-22 00:00:00+00:00,22639.19,23276.48,22047.38,22234.47,629.20224823
2022-07-23 00:00:00+00:00,22232.42,22535.73,21509.0,22011.02,268.55822452
2022-07-24 00:00:00+00:00,22000.0,22544.57,21819.97,22157.68,271.51157253
2022-07-25 00:00:00+00:00,22157.46,22233.32,20815.4,20817.31,731.59091038
2022-07-26 00:00:00+00:00,20817.29,21020.37,20374.52,21006.98,663.0691985
2022-07-27 00:00:00+00:00,20980.24,22652.24,20744.09,22505.7,668.24080238
2022-07-28 00:00:00+00:00,22488.58,23737.95,22274.25,23409.66,874.59269204
2022-07-29 00:00:00+00:00,23390.22,23854.61,23024.92,23240.6,631.75923729
2022-07-30 00:00:00+00:00,23240.58,24154.17,23017.51,23149.46,311.7558117
2022-07-31 00:00:00+00:00,23149.46,23659.71,22755.0,22847.45,491.49844152
2022-08-01 00:00:00+00:00,22835.5,22947.07,22305.49,22696.0,451.121094
2022-08-02 00:00:00+00:00,22667.18,23015.89,22148.51,22636.54,379.279973
2022-08-03 00:00:00+00:00,22624.23,23224.44,22352.4,22469.59,416.53241031
2022-08-04 00:00:00+00:00,22469.63,22831.05,21854.19,22091.16,465.9412828
2022-08-05 00:00:00+00:00,22072.0,22939.36,22066.42,22891.24,553.00775519
2022-08-06 00:00:00+00:00,22888.69,22923.74,22522.66,22562.86,129.55609079
2022-08-07 00:00:00+00:00,22542.72,22994.79,22445.0,22799.27,185.44207969
2022-08-08 00:00:00+00:00,22782.05,23764.58,22778.22,23370.58,415.8610109
2022-08-09 00:00:00+00:00,23345.71,23465.05,22364.99,22673.82,440.40666544
2022-08-10 00:00:00+00:00,22690.68,23520.0,22222.0,23262.0,715.48774231
2022-08-11 00:00:00+00:00,23269.0,24077.74,23137.0,23211.0,570.40836545
2022-08-12 00:00:00+00:00,23209.0,23823.0,22945.0,23788.0,367.61407272
2022-08-13 00:00:00+00:00,23774.0,24241.0,23693.0,23861.0,603.09241949
2022-08-14 00:00:00+00:00,23837.0,24400.0,23561.0,23717.0,334.1157162
2022-08-15 00:00:00+00:00,23720.0,24600.0,23337.0,23734.0,464.50207502
2022-08-16 00:00:00+00:00,23710.0,23893.0,23251.0,23466.0,562.7757145
2022-08-17 00:00:00+00:00,23462.0,24041.0,22769.0,22932.0,814.23397469
2022-08-18 00:00:00+00:00,22930.0,23244.0,22865.0,22994.0,339.63744999
2022-08-19 00:00:00+00:00,22972.0,23000.0,20700.0,20750.0,1050.48140413
2022-08-20 00:00:00+00:00,20749.0,21296.0,20672.0,21069.0,387.4452248
2022-08-21 00:00:00+00:00,21070.0,21705.0,20995.0,21442.0,457.99196255
2022-08-22 00:00:00+00:00,21448.0,21673.0,20900.0,21539.0,435.21386409
2022-08-23 00:00:00+00:00,21518.0,21711.0,21071.0,21591.0,483.83102999
2022-08-24 00:00:00+00:00,21591.0,21973.0,21259.0,21441.0,424.0404317
2022-08-25 00:00:00+00:00,21430.0,21816.0,21362.0,21636.0,355.20905553
2022-08-26 00:00:00+00:00,21622.0,21785.0,20200.0,20336.0,884.0949034
2022-08-27 00:00:00+00:00,20333.0,20456.0,19864.0,20133.0,503.4838415
2022-08-28 00:00:00+00:00,20117.0,20244.0,19645.0,19683.0,397.78887973
2022-08-29 00:00:00+00:00,19687.0,20434.0,19670.0,20281.0,452.40819659
2022-08-30 00:00:00+00:00,20270.0,20576.0,19504.0,19763.0,471.9618415
2022-08-31 00:00:00+00:00,19772.0,20446.0,19772.0,19975.0,426.28698194
2022-09-01 00:00:00+00:00,19976.0,20272.0,19685.0,20224.0,504.83371547
2022-09-02 00:00:00+00:00,20214.0,20410.0,19852.0,20044.0,429.23568539
2022-09-03 00:00:00+00:00,20036.0,20141.0,19765.0,19929.0,188.90060804
2022-09-04 00:00:00+00:00,19920.0,20187.0,19681.0,20187.0,320.36184412
2022-09-05 00:00:00+00:00,20187.0,20209.0,19780.0,19887.0,365.16248972
2022-09-06 00:00:00+00:00,19886.0,20235.0,18848.0,18977.0,940.93209037
2022-09-07 00:00:00+00:00,18988.0,19450.0,18754.0,19295.0,719.10364312
2022-09-08 00:00:00+00:00,19298.0,19462.0,19078.0,19307.0,969.73754619
2022-09-09 00:00:00+00:00,19299.0,21500.0,19227.0,21273.0,1655.18088038
2022-09-10 00:00:00+00:00,21250.0,21690.0,21021.0,21545.0,557.22495056
2022-09-11 00:00:00+00:00,21524.0,21749.0,21236.0,21697.0,538.3474925
2022-09-12 00:00:00+00:00,21683.0,22221.0,21390.0,22116.0,749.74468858
2022-09-13 00:00:00+00:00,22108.0,22450.0,19912.0,20222.0,1066.68155528
2022-09-14 00:00:00+00:00,20215.0,20545.0,19656.0,20264.0,975.91861381
2022-09-15 00:00:00+00:00,20256.0,20411.0,19505.0,19730.0,1013.00763677
2022-09-16 00:00:00+00:00,19728.0,19943.0,19328.0,19768.0,935.69126175
2022-09-17 00:00:00+00:00,19777.0,20166.0,19740.0,20092.0,317.35290235
2022-09-18 00:00:00+00:00,20090.0,20090.0,19341.0,19377.0,390.59690849
2022-09-19 00:00:00+00:00,19383.0,19631.0,18300.0,19494.0,1114.12243824
2022-09-20 00:00:00+00:00,19476.0,19545.0,18811.0,18931.0,748.98015987
2022-09-21 00:00:00+00:00,18935.0,20199.0,18432.0,18782.0,1588.01446944
2022-09-22 00:00:00+00:00,18782.0,19849.0,18704.0,19728.0,743.08897147
2022-09-23 00:00:00+00:00,19712.0,20003.0,19057.0,19897.0,812.07250813
2022-09-24 00:00:00+00:00,19886.0,19914.0,19394.0,19513.0,399.02469593
2022-09-25 00:00:00+00:00,19508.0,19768.0,19260.0,19415.0,473.14709881
2022-09-26 00:00:00+00:00,19423.0,20010.0,19362.0,19977.0,926.26733092
2022-09-27 00:00:00+00:00,19975.0,21125.0,19648.0,19890.0,896.53465401
2022-09-28 00:00:00+00:00,19884.0,20308.0,19347.0,19996.0,937.95948802
2022-09-29 00:00:00+00:00,20002.0,20239.0,19367.0,19936.0,420.94192099
2022-09-30 00:00:00+00:00,19944.0,20583.0,19571.0,19818.0,570.31157835
2022-10-01 00:00:00+00:00,19818.0,19873.0,19566.0,19709.0,159.87318637
2022-10-02 00:00:00+00:00,19707.0,19788.0,19327.0,19460.0,215.19946618
2022-10-03 00:00:00+00:00,19460.0,20037.0,19383.0,19959.0,462.29397641
2022-10-04 00:00:00+00:00,19960.0,20495.0,19878.0,20370.0,611.88774267
2022-10-05 00:00:00+00:00,20377.0,20571.0,20060.0,20346.0,475.72782967
2022-10-06 00:00:00+00:00,20334.0,20631.0,20197.0,20382.0,610.90812462
2022-10-07 00:00:00+00:00,20375.0,20465.0,19797.0,20053.0,448.54314884
2022-10-08 00:00:00+00:00,20053.0,20149.0,19742.0,19940.0,97.90604639
2022-10-09 00:00:00+00:00,19938.0,20071.0,19848.0,19976.0,115.45662609
2022-10-10 00:00:00+00:00,19976.0,20042.0,19613.0,19700.0,443.59632298
2022-10-11 00:00:00+00:00,19700.0,19797.0,19417.0,19641.0,451.22603227
2022-10-12 00:00:00+00:00,19634.0,19778.0,19571.0,19727.0,465.25011259
2022-10-13 00:00:00+00:00,19721.0,19932.0,18835.0,19837.0,693.54611018
2022-10-14 00:00:00+00:00,19824.0,20346.0,19634.0,19723.0,609.04688981
2022-10-15 00:00:00+00:00,19718.0,19766.0,19543.0,19624.0,85.97295699
2022-10-16 00:00:00+00:00,19624.0,19958.0,19620.0,19777.0,133.16520654
2022-10-17 00:00:00+00:00,19777.0,20076.0,19660.0,19856.0,382.20944543
2022-10-18 00:00:00+00:00,19853.0,19978.0,19394.0,19597.0,475.77483787
2022-10-19 00:00:00+00:00,19590.0,19712.0,19478.0,19579.0,433.34448553
2022-10-20 00:00:00+00:00,19572.0,19672.0,19356.0,19475.0,367.03886667
2022-10-21 00:00:00+00:00,19468.0,19555.0,19158.0,19437.0,634.64294989
2022-10-22 00:00:00+00:00,19436.0,19527.0,19389.0,19484.0,108.39590447
2022-10-23 00:00:00+00:00,19482.0,19959.0,19351.0,19843.0,310.60326318
2022-10-24 00:00:00+00:00,19842.0,19880.0,19437.0,19556.0,440.64825725
2022-10-25 00:00:00+00:00,19550.0,20479.0,19465.0,20170.0,826.76499802
2022-10-26 00:00:00+00:00,20156.0,20955.0,20142.0,20585.0,1105.44315468
2022-10-27 00:00:00+00:00,20582.0,20747.0,20238.0,20351.0,861.51863576
2022-10-28 00:00:00+00:00,20353.0,20880.0,20100.0,20668.0,516.79462066
2022-10-29 00:00:00+00:00,20664.0,21135.0,20633.0,20878.0,338.13479868
2022-10-30 00:00:00+00:00,20873.0,21000.0,20616.0,20719.0,194.23025474
2022-10-31 00:00:00+00:00,20713.0,20950.0,20468.0,20734.0,507.19985082
2022-11-01 00:00:00+00:00,20728.0,20834.0,20478.0,20740.0,404.45463834
2022-11-02 00:00:00+00:00,20734.0,20903.0,20442.0,20536.0,712.29829475
2022-11-03 00:00:00+00:00,20529.0,20833.0,20503.0,20719.0,450.38085161
2022-11-04 00:00:00+00:00,20719.0,21426.0,20678.0,21237.0,907.4525461
2022-11-05 00:00:00+00:00,21235.0,21557.0,21170.0,21388.0,262.93887618
2022-11-06 00:00:00+00:00,21383.0,21448.0,21040.0,21063.0,508.56464494
2022-11-07 00:00:00+00:00,21056.0,21213.0,20354.0,20549.0,510.57974025
2022-11-08 00:00:00+00:00,20551.0,20635.0,17143.0,18430.0,4872.56121153
2022-11-09 00:00:00+00:00,18429.0,18464.0,15652.0,15911.0,3162.58824916
2022-11-10 00:00:00+00:00,15926.0,17819.0,15748.0,17241.0,1765.07075482
2022-11-11 00:00:00+00:00,17219.0,17341.0,15901.0,16429.0,1105.5510516
2022-11-12 00:00:00+00:00,16455.0,16484.0,16047.0,16184.0,253.50108007
2022-11-13 00:00:00+00:00,16182.0,16322.0,15700.0,15787.0,691.0033145
2022-11-14 00:00:00+00:00,15790.0,16625.0,15312.0,16079.0,894.16287484
2022-11-15 00:00:00+00:00,16075.0,16452.0,16000.0,16309.0,740.99717684
2022-11-16 00:00:00+00:00,16300.0,16399.0,15747.0,16038.0,684.66399954
2022-11-17 00:00:00+00:00,16024.0,16160.0,15841.0,16102.0,431.48873936
2022-11-18 00:00:00+00:00,16101.0,16358.0,15988.0,16161.0,461.92287711
2022-11-19 00:00:00+00:00,16150.0,16265.0,16028.0,16156.0,147.42140948
2022-11-20 00:00:00+00:00,16152.0,16202.0,15664.0,15736.0,338.12992823
2022-11-21 00:00:00+00:00,15730.0,15827.0,15115.0,15380.0,958.68803569
2022-11-22 00:00:00+00:00,15380.0,15817.0,15214.0,15715.0,743.80342615
2022-11-23 00:00:00+00:00,15715.0,16103.0,15662.0,15947.0,821.29778383
2022-11-24 00:00:00+00:00,15938.0,16103.0,15769.0,15941.0,399.66994598
2022-11-25 00:00:00+00:00,15938.0,15946.0,15678.0,15859.0,491.85262247
2022-11-26 00:00:00+00:00,15863.0,16022.0,15750.0,15823.0,159.03816406
2022-11-27 00:00:00+00:00,15823.0,15981.0,15812.0,15846.0,184.08617595
2022-11-28 00:00:00+00:00,15848.0,15877.0,15395.0,15667.0,662.84084965
2022-11-29 00:00:00+00:00,15665.0,15975.0,15552.0,15915.0,531.7462606
2022-11-30 00:00:00+00:00,15908.0,16560.0,15897.0,16462.0,618.00795932
2022-12-01 00:00:00+00:00,16462.0,16521.0,16029.0,16125.0,684.3879753
2022-12-02 00:00:00+00:00,16128.0,16241.0,16045.0,16228.0,500.44311008
2022-12-03 00:00:00+00:00,16226.0,16277.0,16020.0,16044.0,147.9770452
2022-12-04 00:00:00+00:00,16042.0,16317.0,16042.0,16231.0,286.25266027
2022-12-05 00:00:00+00:00,16226.0,16480.0,16095.0,16160.0,596.17029106
2022-12-06 00:00:00+00:00,16155.0,16326.0,16085.0,16314.0,352.66781518
2022-12-07 00:00:00+00:00,16308.0,16366.0,15932.0,16007.0,314.0885826
2022-12-08 00:00:00+00:00,16011.0,16366.0,15933.0,16312.0,373.06036223
2022-12-09 00:00:00+00:00,16306.0,16420.0,16207.0,16251.0,319.00733828
2022-12-10 00:00:00+00:00,16249.0,16339.0,16229.0,16245.0,91.24387453
2022-12-11 00:00:00+00:00,16248.0,16382.0,16214.0,16243.0,134.08713075
2022-12-12 00:00:00+00:00,16230.0,16342.0,15996.0,16311.0,403.44165275
2022-12-13 00:00:00+00:00,16311.0,16940.0,16188.0,16728.0,624.85976846
2022-12-14 00:00:00+00:00,16721.0,17193.0,16557.0,16667.0,917.63201098
2022-12-15 00:00:00+00:00,16671.0,16722.0,16248.0,16299.0,495.48571879
2022-12-16 00:00:00+00:00,16297.0,16458.0,15630.0,15706.0,745.68655811
2022-12-17 00:00:00+00:00,15709.0,15858.0,15665.0,15843.0,213.06330482
2022-12-18 00:00:00+00:00,15844.0,15899.0,15739.0,15821.0,180.8247399
2022-12-19 00:00:00+00:00,15824.0,15869.0,15353.0,15486.0,543.56800679
2022-12-20 00:00:00+00:00,15477.0,15999.0,15457.0,15907.0,441.71402698
2022-12-21 00:00:00+00:00,15897.0,15926.0,15759.0,15857.0,328.32384321
2022-12-22 00:00:00+00:00,15857.0,15884.0,15651.0,15860.0,438.76397652
2022-12-23 00:00:00+00:00,15856.0,15912.0,15780.0,15787.0,334.26918814
2022-12-24 00:00:00+00:00,15787.0,15858.0,15784.0,15835.0,83.77250001
2022-12-25 00:00:00+00:00,15836.0,15850.0,15752.0,15844.0,93.38558983
2022-12-26 00:00:00+00:00,15839.0,15914.0,15791.0,15884.0,207.93608058
2022-12-27 00:00:00+00:00,15884.0,15932.0,15586.0,15695.0,254.37774267
2022-12-28 00:00:00+00:00,15692.0,15735.0,15518.0,15557.0,324.17760099
2022-12-29 00:00:00+00:00,15556.0,15634.0,15511.0,15601.0,378.33921158
2022-12-30 00:00:00+00:00,15601.0,15605.0,15305.0,15505.0,495.05067128
2022-12-31 00:00:00+00:00,15505.0,15535.0,15367.0,15428.0,160.9407047
2023-01-01 00:00:00+00:00,15433.0,15533.0,15394.0,15520.0,202.69246919
2023-01-02 00:00:00+00:00,15517.0,15711.0,15456.0,15594.0,324.8331479
2023-01-03 00:00:00+00:00,15589.0,15884.0,15579.0,15801.0,320.28304561
2023-01-04 00:00:00+00:00,15798.0,16024.0,15769.0,15884.0,419.07308582
2023-01-05 00:00:00+00:00,15882.0,16028.0,15798.0,15991.0,408.32133063
2023-01-06 00:00:00+00:00,15991.0,16010.0,15807.0,15915.0,361.01857256
2023-01-07 00:00:00+00:00,15913.0,15937.0,15882.0,15917.0,91.35875257
2023-01-08 00:00:00+00:00,15915.0,16100.0,15883.0,16058.0,161.0797771
2023-01-09 00:00:00+00:00,16058.0,16196.0,15959.0,16004.0,343.57656688
2023-01-10 00:00:00+00:00,16002.0,16289.0,15988.0,16246.0,292.91091225
2023-01-11 00:00:00+00:00,16245.0,16709.0,16093.0,16663.0,324.32023682
2023-01-12 00:00:00+00:00,16663.0,17604.0,16575.0,17359.0,985.43065167
2023-01-13 00:00:00+00:00,17355.0,18456.0,17244.0,18399.0,712.65320398
2023-01-14 00:00:00+00:00,18398.0,19639.0,18374.0,19332.0,812.85972071
2023-01-15 00:00:00+00:00,19328.0,19389.0,18946.0,19285.0,328.05566479
2023-01-16 00:00:00+00:00,19285.0,19825.0,19055.0,19559.0,681.32096056
2023-01-17 00:00:00+00:00,19559.0,19893.0,19264.0,19610.0,698.85078167
2023-01-18 00:00:00+00:00,19589.0,19888.0,18837.0,19142.0,905.50874833
2023-01-19 00:00:00+00:00,19131.0,19551.0,19104.0,19450.0,445.90452578
2023-01-20 00:00:00+00:00,19450.0,20940.0,19250.0,20880.0,672.64768713
2023-01-21 00:00:00+00:00,20870.0,21542.0,20668.0,20988.0,588.30165456
2023-01-22 00:00:00+00:00,20984.0,21243.0,20555.0,20911.0,442.93373432
2023-01-23 00:00:00+00:00,20906.0,21383.0,20716.0,21087.0,601.35102871
2023-01-24 00:00:00+00:00,21084.0,21279.0,20650.0,20780.0,643.86783743
2023-01-25 00:00:00+00:00,20781.0,21819.0,20510.0,21098.0,811.78340912
2023-01-26 00:00:00+00:00,21111.0,21332.0,20975.0,21113.0,416.5028843
2023-01-27 00:00:00+00:00,21108.0,21615.0,20708.0,21241.0,430.34060882
2023-01-28 00:00:00+00:00,21235.0,21334.0,21068.0,21202.0,148.17384773
2023-01-29 00:00:00+00:00,21194.0,22038.0,21152.0,21851.0,469.52508898
2023-01-30 00:00:00+00:00,21838.0,21892.0,20739.0,21044.0,518.83399773
2023-01-31 00:00:00+00:00,21033.0,21443.0,20933.0,21295.0,445.93628984
2023-02-01 00:00:00+00:00,21296.0,21675.0,20900.0,21553.0,691.37364345
2023-02-02 00:00:00+00:00,21552.0,22110.0,21418.0,21531.0,620.90854793
2023-02-03 00:00:00+00:00,21535.0,21868.0,21377.0,21702.0,347.76015151
2023-02-04 00:00:00+00:00,21695.0,21833.0,21537.0,21610.0,118.60013262
2023-02-05 00:00:00+00:00,21602.0,21699.0,21106.0,21260.0,243.28374333
2023-02-06 00:00:00+00:00,21261.0,21561.0,20966.0,21210.0,623.3243622
2023-02-07 00:00:00+00:00,21210.0,21700.0,21197.0,21651.0,299.099811
2023-02-08 00:00:00+00:00,21640.0,21818.0,21135.0,21421.0,265.44999978
2023-02-09 00:00:00+00:00,21416.0,21455.0,20210.0,20298.0,521.79221123
2023-02-10 00:00:00+00:00,20290.0,20460.0,20101.0,20258.0,305.78007404
2023-02-11 00:00:00+00:00,20250.0,20519.0,20238.0,20489.0,116.82861272
2023-02-12 00:00:00+00:00,20485.0,20692.0,20275.0,20414.0,185.93312567
2023-02-13 00:00:00+00:00,20403.0,20508.0,19929.0,20300.0,364.94511881
2023-02-14 00:00:00+00:00,20300.0,20745.0,20080.0,20681.0,429.70160536
2023-02-15 00:00:00+00:00,20675.0,22788.0,20563.0,22741.0,603.2333854
2023-02-16 00:00:00+00:00,22731.0,23645.0,22031.0,22042.0,614.86470791
2023-02-17 00:00:00+00:00,22041.0,23380.0,21905.0,22956.0,574.9184788
2023-02-18 00:00:00+00:00,22959.0,23231.0,22848.0,23020.0,203.21048769
2023-02-19 00:00:00+00:00,23021.0,23520.0,22650.0,22725.0,299.46274425
2023-02-20 00:00:00+00:00,22713.0,23488.0,22349.0,23240.0,492.58775572
2023-02-21 00:00:00+00:00,23233.0,23632.0,22696.0,22949.0,450.86647761
2023-02-22 00:00:00+00:00,22947.0,22969.0,22200.0,22800.0,421.85547465
2023-02-23 00:00:00+00:00,22800.0,23141.0,22277.0,22583.0,375.31759111
2023-02-24 00:00:00+00:00,22585.0,22743.0,21680.0,21991.0,406.14123734
2023-02-25 00:00:00+00:00,21991.0,22008.0,21605.0,21999.0,134.35030337
2023-02-26 00:00:00+00:00,21993.0,22460.0,21894.0,22328.0,172.79004174
2023-02-27 00:00:00+00:00,22320.0,22541.0,21805.0,22146.0,389.89560805
2023-02-28 00:00:00+00:00,22141.0,22239.0,21780.0,21870.0,317.34379742
2023-03-01 00:00:00+00:00,21878.0,22534.0,21793.0,22159.0,474.06701962
2023-03-02 00:00:00+00:00,22146.0,22299.0,21900.0,22137.0,324.33776299
2023-03-03 00:00:00+00:00,22137.0,22146.0,20727.0,21019.0,536.89505729
2023-03-04 00:00:00+00:00,21015.0,21073.0,20842.0,21022.0,115.67618093
2023-03-05 00:00:00+00:00,21019.0,21291.0,20898.0,21107.0,186.71712513
2023-03-06 00:00:00+00:00,21105.0,21176.0,20909.0,20959.0,304.17896748
2023-03-07 00:00:00+00:00,20966.0,21165.0,20710.0,21031.0,381.34081715
2023-03-08 00:00:00+00:00,21032.0,21100.0,20450.0,20575.0,322.45990614
2023-03-09 00:00:00+00:00,20566.0,20659.0,18961.0,19239.0,602.79149877
2023-03-10 00:00:00+00:00,19240.0,19240.0,18465.0,18973.0,842.29309521
2023-03-11 00:00:00+00:00,18965.0,19574.0,18646.0,19271.0,980.88556699
2023-03-12 00:00:00+00:00,19262.0,20825.0,19117.0,20742.0,948.4740389
2023-03-13 00:00:00+00:00,20744.0,22733.0,20144.0,22384.0,2306.56888362
2023-03-14 00:00:00+00:00,22384.0,24499.0,22261.0,22965.0,1476.31960192
2023-03-15 00:00:00+00:00,22962.0,23847.0,22599.0,23003.0,783.17078877
2023-03-16 00:00:00+00:00,23000.0,23732.0,22826.0,23585.0,589.38727726
2023-03-17 00:00:00+00:00,23587.0,26045.0,23497.0,25695.0,1076.54806096
2023-03-18 00:00:00+00:00,25685.0,25974.0,24947.0,25238.0,345.40146867
2023-03-19 00:00:00+00:00,25245.0,26649.0,25169.0,26259.0,397.94728203
2023-03-20 00:00:00+00:00,26258.0,26798.0,25503.0,25923.0,732.49530591
2023-03-21 00:00:00+00:00,25918.0,26464.0,25599.0,26154.0,460.98563349
2023-03-22 00:00:00+00:00,26150.0,26710.0,24525.0,25136.0,1221.43536124
2023-03-23 00:00:00+00:00,25129.0,26442.0,24973.0,26148.0,729.23203202
2023-03-24 00:00:00+00:00,26146.0,26274.0,25136.0,25566.0,620.0522702
2023-03-25 00:00:00+00:00,25571.0,25865.0,25300.0,25572.0,215.38003159
2023-03-26 00:00:00+00:00,25565.0,26213.0,25533.0,25983.0,217.93538346
2023-03-27 00:00:00+00:00,25976.0,26056.0,24626.0,25120.0,502.6064406
2023-03-28 00:00:00+00:00,25109.0,25363.0,24633.0,25165.0,433.74863242
2023-03-29 00:00:00+00:00,25160.0,26427.0,25143.0,26137.0,602.39172988
2023-03-30 00:00:00+00:00,26134.0,26916.0,25427.0,25727.0,626.32772472
2023-03-31 00:00:00+00:00,25715.0,26412.0,25285.0,26267.0,550.59646024
2023-04-01 00:00:00+00:00,26254.0,26570.0,26071.0,26257.0,148.24784075
2023-04-02 00:00:00+00:00,26254.0,26316.0,25737.0,26084.0,160.36388634
2023-04-03 00:00:00+00:00,26092.0,26251.0,25000.0,25501.0,755.89119034
2023-04-04 00:00:00+00:00,25497.0,26069.0,25384.0,25712.0,467.69461117
2023-04-05 00:00:00+00:00,25713.0,26255.0,25500.0,25844.0,470.3958799
2023-04-06 00:00:00+00:00,25840.0,25847.0,25432.0,25697.0,275.57709512
2023-04-07 00:00:00+00:00,25697.0,25769.0,25469.0,25609.0,203.10900111
2023-04-08 00:00:00+00:00,25609.0,25849.0,25567.0,25681.0,124.24507416
2023-04-09 00:00:00+00:00,25678.0,26187.0,25543.0,25975.0,275.64395603
2023-04-10 00:00:00+00:00,25972.0,27398.0,25899.0,27273.0,431.345614
2023-04-11 00:00:00+00:00,27267.0,27985.0,27219.0,27679.0,567.46054651
2023-04-12 00:00:00+00:00,27675.0,27806.0,27027.0,27191.0,472.08714745
2023-04-13 00:00:00+00:00,27188.0,27710.0,27177.0,27520.0,448.12580421
2023-04-14 00:00:00+00:00,27518.0,28041.0,27336.0,27717.0,593.14918508
2023-04-15 00:00:00+00:00,27714.0,27831.0,27518.0,27586.0,153.34707057
2023-04-16 00:00:00+00:00,27585.0,27792.0,27434.0,27614.0,235.06750817
2023-04-17 00:00:00+00:00,27604.0,27621.0,26754.0,26951.0,485.30048032
2023-04-18 00:00:00+00:00,26948.0,27783.0,26657.0,27689.0,494.8903453
2023-04-19 00:00:00+00:00,27687.0,27707.0,26129.0,26320.0,1333.7894035
2023-04-20 00:00:00+00:00,26310.0,26526.0,25547.0,25745.0,613.72264214
2023-04-21 00:00:00+00:00,25746.0,25858.0,24690.0,24797.0,659.38713863
2023-04-22 00:00:00+00:00,24797.0,25431.0,24702.0,25378.0,356.74847697
2023-04-23 00:00:00+00:00,25378.0,25378.0,24930.0,25108.0,358.6968156
2023-04-24 00:00:00+00:00,25113.0,25464.0,24450.0,24883.0,460.32437448
2023-04-25 00:00:00+00:00,24883.0,25871.0,24634.0,25789.0,480.3764506
2023-04-26 00:00:00+00:00,25784.0,27160.0,24688.0,25749.0,995.07244655
2023-04-27 00:00:00+00:00,25739.0,27121.0,25710.0,26735.0,601.68833754
2023-04-28 00:00:00+00:00,26724.0,26854.0,26250.0,26607.0,323.79007892
2023-04-29 00:00:00+00:00,26604.0,26725.0,26361.0,26547.0,155.73308594
2023-04-30 00:00:00+00:00,26538.0,27176.0,26419.0,26546.0,339.76896255
2023-05-01 00:00:00+00:00,26555.0,26657.0,25207.0,25593.0,552.67796607
2023-05-02 00:00:00+00:00,25598.0,26264.0,25383.0,26047.0,481.66168937
2023-05-03 00:00:00+00:00,26046.0,26440.0,25441.0,26231.0,500.57423842
2023-05-04 00:00:00+00:00,26226.0,26564.0,26003.0,26179.0,510.24745264
2023-05-05 00:00:00+00:00,26178.0,26944.0,26173.0,26792.0,547.98359989
2023-05-06 00:00:00+00:00,26786.0,27062.0,25791.0,26242.0,298.3478538
2023-05-07 00:00:00+00:00,26238.0,26491.0,25829.0,25831.0,280.48579786
2023-05-08 00:00:00+00:00,25842.0,26008.0,24809.0,25180.0,731.30921495
2023-05-09 00:00:00+00:00,25174.0,25414.0,24953.0,25220.0,528.17336053
2023-05-10 00:00:00+00:00,25216.0,25817.0,24444.0,25152.0,784.88740814
2023-05-11 00:00:00+00:00,25145.0,25273.0,24484.0,24745.0,463.35767415
2023-05-12 00:00:00+00:00,24735.0,24813.0,23810.0,24699.0,613.33367846
2023-05-13 00:00:00+00:00,24694.0,24950.0,24605.0,24697.0,151.45790115
2023-05-14 00:00:00+00:00,24698.0,25070.0,24528.0,24820.0,196.53388324
2023-05-15 00:00:00+00:00,24811.0,25435.0,24650.0,24984.0,495.80872286
2023-05-16 00:00:00+00:00,24974.0,25102.0,24702.0,24883.0,333.03259047
2023-05-17 00:00:00+00:00,24885.0,25340.0,24516.0,25281.0,369.49024274
2023-05-18 00:00:00+00:00,25277.0,25408.0,24500.0,24890.0,419.66060172
2023-05-19 00:00:00+00:00,24882.0,25100.0,24648.0,24886.0,282.65106802
2023-05-20 00:00:00+00:00,24884.0,25122.0,24832.0,25088.0,107.52926218
2023-05-21 00:00:00+00:00,25083.0,25230.0,24693.0,24720.0,143.48656944
2023-05-22 00:00:00+00:00,24723.0,25041.0,24525.0,24832.0,357.52401687
2023-05-23 00:00:00+00:00,24838.0,25421.0,24791.0,25271.0,406.49534094
2023-05-24 00:00:00+00:00,25268.0,25275.0,24222.0,24472.0,522.45987298
2023-05-25 00:00:00+00:00,24466.0,24813.0,24083.0,24685.0,610.61260756
2023-05-26 00:00:00+00:00,24686.0,25127.0,24531.0,24905.0,414.35753406
2023-05-27 00:00:00+00:00,24899.0,25065.0,24770.0,25040.0,156.41962527
2023-05-28 00:00:00+00:00,25043.0,26338.0,24965.0,26175.0,447.62731796
2023-05-29 00:00:00+00:00,26172.0,26531.0,25700.0,25904.0,509.0902643
2023-05-30 00:00:00+00:00,25901.0,26113.0,25715.0,25814.0,410.73881745
2023-05-31 00:00:00+00:00,25810.0,25939.0,25185.0,25460.0,430.1862736
2023-06-01 00:00:00+00:00,25456.0,25580.0,24778.0,24938.0,371.81662361
2023-06-02 00:00:00+00:00,24935.0,25499.0,24652.0,25457.0,444.59811808
2023-06-03 00:00:00+00:00,25454.0,25530.0,25155.0,25290.0,186.04483721
2023-06-04 00:00:00+00:00,25288.0,25634.0,25182.0,25360.0,231.80678398
2023-06-05 00:00:00+00:00,25352.0,25378.0,23711.0,24031.0,1077.61226803
2023-06-06 00:00:00+00:00,24032.0,25572.0,23759.0,25451.0,1024.88972818
2023-06-07 00:00:00+00:00,25457.0,25587.0,24422.0,24604.0,643.14571397
2023-06-08 00:00:00+00:00,24589.0,24875.0,24459.0,24582.0,636.30572265
2023-06-09 00:00:00+00:00,24580.0,24868.0,24399.0,24633.0,361.31043034
2023-06-10 00:00:00+00:00,24629.0,24675.0,23693.0,24115.0,598.2423896
2023-06-11 00:00:00+00:00,24112.0,24399.0,23938.0,24125.0,165.6735715
2023-06-12 00:00:00+00:00,24127.0,24215.0,23870.0,24055.0,447.21990142
2023-06-13 00:00:00+00:00,24059.0,24427.0,23828.0,24025.0,555.58222039
2023-06-14 00:00:00+00:00,24021.0,24120.0,22932.0,23183.0,548.50956918
2023-06-15 00:00:00+00:00,23181.0,23520.0,22762.0,23372.0,725.38540402
2023-06-16 00:00:00+00:00,23366.0,24212.0,23022.0,24058.0,577.49867016
2023-06-17 00:00:00+00:00,24058.0,24480.0,23916.0,24235.0,134.8768582
2023-06-18 00:00:00+00:00,24235.0,24387.0,24000.0,24079.0,130.64186642
2023-06-19 00:00:00+00:00,24075.0,24749.0,24013.0,24565.0,463.43567307
2023-06-20 00:00:00+00:00,24562.0,25999.0,24409.0,25915.0,627.28884014
2023-06-21 00:00:00+00:00,25913.0,28021.0,25885.0,27251.0,903.94990648
2023-06-22 00:00:00+00:00,27230.0,27664.0,26942.0,27286.0,543.54275409
2023-06-23 00:00:00+00:00,27259.0,28923.0,27249.0,28173.0,531.01962793
2023-06-24 00:00:00+00:00,28174.0,28271.0,27754.0,28025.0,140.42381598
2023-06-25 00:00:00+00:00,28009.0,28475.0,27800.0,27939.0,161.18704285
2023-06-26 00:00:00+00:00,27933.0,28073.0,27443.0,27732.0,356.27339393
2023-06-27 00:00:00+00:00,27744.0,28300.0,27659.0,28017.0,431.70215647
2023-06-28 00:00:00+00:00,28019.0,28032.0,27354.0,27566.0,199.34613185
2023-06-29 00:00:00+00:00,27566.0,28341.0,27565.0,28016.0,283.43563094
2023-06-30 00:00:00+00:00,28010.0,28753.0,27019.0,27912.0,470.33293312
2023-07-01 00:00:00+00:00,27909.0,28086.0,27767.0,28031.0,125.02534394
2023-07-02 00:00:00+00:00,28023.0,28187.0,27643.0,28054.0,105.72246974
2023-07-03 00:00:00+00:00,28049.0,28747.0,28021.0,28540.0,329.37560747
2023-07-04 00:00:00+00:00,28535.0,28708.0,28143.0,28282.0,277.81015216
2023-07-05 00:00:00+00:00,28278.0,28407.0,27728.0,28107.0,253.45079931
2023-07-06 00:00:00+00:00,28106.0,28982.0,27425.0,27465.0,493.76672239
2023-07-07 00:00:00+00:00,27465.0,27920.0,27309.0,27697.0,338.78068076
2023-07-08 00:00:00+00:00,27693.0,27729.0,27426.0,27644.0,141.898843
2023-07-09 00:00:00+00:00,27650.0,27780.0,27435.0,27514.0,99.80542997
2023-07-10 00:00:00+00:00,27514.0,28223.0,27344.0,27642.0,274.47307033
2023-07-11 00:00:00+00:00,27644.0,28041.0,27589.0,27820.0,260.32071201
2023-07-12 00:00:00+00:00,27817.0,28035.0,27139.0,27289.0,357.81839706
2023-07-13 00:00:00+00:00,27289.0,28350.0,27159.0,28029.0,663.54042428
2023-07-14 00:00:00+00:00,28026.0,28129.0,26652.0,27049.0,468.36176326
2023-07-15 00:00:00+00:00,27048.0,28300.0,26981.0,27031.0,269.09463802
2023-07-16 00:00:00+00:00,27028.0,27168.0,26831.0,26957.0,185.27887554
2023-07-17 00:00:00+00:00,26950.0,27055.0,26416.0,26833.0,376.62950457
2023-07-18 00:00:00+00:00,26831.0,26903.0,26350.0,26616.0,424.2843272
2023-07-19 00:00:00+00:00,26612.0,26909.0,26589.0,26712.0,265.48834241
2023-07-20 00:00:00+00:00,26708.0,27130.0,26578.0,26768.0,317.58563356
2023-07-21 00:00:00+00:00,26773.0,27016.0,26703.0,26887.0,190.76838482
2023-07-22 00:00:00+00:00,26887.0,26963.0,26666.0,26797.0,85.99953186
2023-07-23 00:00:00+00:00,26797.0,27288.0,26745.0,27048.0,146.92127932
2023-07-24 00:00:00+00:00,27045.0,27052.0,26070.0,26375.0,360.36472455
2023-07-25 00:00:00+00:00,26373.0,26602.0,26240.0,26451.0,244.91433487
2023-07-26 00:00:00+00:00,26445.0,26768.0,26307.0,26492.0,342.09849494
2023-07-27 00:00:00+00:00,26489.0,26790.0,26313.0,26602.0,297.02393042
2023-07-28 00:00:00+00:00,26598.0,26762.0,26480.0,26590.0,268.19676035
2023-07-29 00:00:00+00:00,26590.0,26668.0,26527.0,26636.0,53.88811184
2023-07-30 00:00:00+00:00,26636.0,26712.0,26336.0,26549.0,116.94120478
2023-07-31 00:00:00+00:00,26549.0,26770.0,26457.0,26558.0,345.41027104
2023-08-01 00:00:00+00:00,26557.0,26958.0,26046.0,26926.0,469.58259287
2023-08-02 00:00:00+00:00,26926.0,27250.0,26400.0,26640.0,375.1721223
2023-08-03 00:00:00+00:00,26633.0,26880.0,26469.0,26636.0,261.77039938
2023-08-04 00:00:00+00:00,26632.0,26690.0,26000.0,26399.0,384.80974018
2023-08-05 00:00:00+00:00,26396.0,26424.0,26296.0,26397.0,71.9106145
2023-08-06 00:00:00+00:00,26394.0,26481.0,26318.0,26395.0,74.79625677
2023-08-07 00:00:00+00:00,26389.0,27499.0,26070.0,26506.0,446.24476706
2023-08-08 00:00:00+00:00,26501.0,27562.0,26492.0,27141.0,321.90030335
2023-08-09 00:00:00+00:00,27132.0,27417.0,26737.0,26924.0,290.18811141
2023-08-10 00:00:00+00:00,26918.0,27008.0,26626.0,26795.0,274.64680345
2023-08-11 00:00:00+00:00,26797.0,26929.0,26667.0,26845.0,148.35181839
2023-08-12 00:00:00+00:00,26844.0,26929.0,26803.0,26889.0,65.1324009
2023-08-13 00:00:00+00:00,26883.0,26907.0,26711.0,26757.0,111.86918637
2023-08-14 00:00:00+00:00,26756.0,27114.0,26589.0,26946.0,307.04273837
2023-08-15 00:00:00+00:00,26940.0,26967.0,26630.0,26738.0,341.39443701
2023-08-16 00:00:00+00:00,26737.0,26788.0,26370.0,26376.0,255.93233041
2023-08-17 00:00:00+00:00,26374.0,26436.0,24091.0,24512.0,705.12403694
2023-08-18 00:00:00+00:00,24510.0,24701.0,23567.0,23982.0,620.94153214
2023-08-19 00:00:00+00:00,23982.0,24233.0,23756.0,24064.0,216.95921603
2023-08-20 00:00:00+00:00,24056.0,24209.0,23965.0,24121.0,190.55800916
2023-08-21 00:00:00+00:00,24114.0,24119.0,23709.0,23972.0,308.39658157
2023-08-22 00:00:00+00:00,23972.0,24014.0,23374.0,24005.0,362.88783262
2023-08-23 00:00:00+00:00,24005.0,24676.0,23852.0,24332.0,439.6851877
2023-08-24 00:00:00+00:00,24330.0,24458.0,23900.0,24229.0,320.73364427
2023-08-25 00:00:00+00:00,24222.0,24250.0,23916.0,24138.0,365.274109
2023-08-26 00:00:00+00:00,24132.0,24187.0,24075.0,24104.0,72.25620441
2023-08-27 00:00:00+00:00,24104.0,24256.0,24057.0,24172.0,110.57762899
2023-08-28 00:00:00+00:00,24168.0,24251.0,23916.0,24097.0,279.08495628
2023-08-29 00:00:00+00:00,24084.0,25921.0,23950.0,25496.0,492.8691237
2023-08-30 00:00:00+00:00,25483.0,25521.0,24727.0,24979.0,383.67224828
2023-08-31 00:00:00+00:00,24979.0,25348.0,23690.0,23911.0,401.46023721
2023-09-01 00:00:00+00:00,23913.0,24126.0,23481.0,23944.0,396.07152101
2023-09-02 00:00:00+00:00,23943.0,24120.0,23891.0,24031.0,124.81606361
2023-09-03 00:00:00+00:00,24023.0,24233.0,23956.0,24107.0,131.7728365
2023-09-04 00:00:00+00:00,24105.0,24198.0,23750.0,23910.0,429.69448157
2023-09-05 00:00:00+00:00,23909.0,24147.0,23696.0,24038.0,232.95614994
2023-09-06 00:00:00+00:00,24043.0,24237.0,23670.0,24017.0,227.77586114
2023-09-07 00:00:00+00:00,24015.0,24700.0,23944.0,24540.0,291.38606632
2023-09-08 00:00:00+00:00,24544.0,24667.0,23999.0,24220.0,334.7224116
2023-09-09 00:00:00+00:00,24216.0,24257.0,24135.0,24225.0,90.72564139
2023-09-10 00:00:00+00:00,24220.0,24293.0,23932.0,24124.0,178.44024121
2023-09-11 00:00:00+00:00,24118.0,24165.0,23150.0,23418.0,422.32630395
2023-09-12 00:00:00+00:00,23425.0,24699.0,23403.0,24035.0,424.41100201
2023-09-13 00:00:00+00:00,24031.0,24583.0,23950.0,24442.0,333.58092379
2023-09-14 00:00:00+00:00,24442.0,25228.0,24344.0,24945.0,376.93013582
2023-09-15 00:00:00+00:00,24943.0,25200.0,24578.0,24950.0,243.1323127
2023-09-16 00:00:00+00:00,24950.0,25100.0,24808.0,24900.0,115.12184933
2023-09-17 00:00:00+00:00,24900.0,24945.0,24761.0,24865.0,100.36467755
2023-09-18 00:00:00+00:00,24865.0,25719.0,24724.0,25035.0,370.66997899
2023-09-19 00:00:00+00:00,25031.0,25733.0,24944.0,25477.0,328.69552035
2023-09-20 00:00:00+00:00,25477.0,25632.0,25119.0,25463.0,335.86324247
2023-09-21 00:00:00+00:00,25458.0,25534.0,24765.0,24921.0,230.84230333
2023-09-22 00:00:00+00:00,24920.0,25124.0,24878.0,24966.0,221.52612733
2023-09-23 00:00:00+00:00,24964.0,25030.0,24904.0,24982.0,71.34868346
2023-09-24 00:00:00+00:00,24982.0,25120.0,24549.0,24653.0,181.03321398
2023-09-25 00:00:00+00:00,24650.0,24937.0,24416.0,24809.0,344.34050764
2023-09-26 00:00:00+00:00,24809.0,24916.0,24643.0,24790.0,197.13715159
2023-09-27 00:00:00+00:00,24788.0,25436.0,24781.0,25085.0,364.93269266
2023-09-28 00:00:00+00:00,25080.0,25800.0,25032.0,25572.0,291.19903743
2023-09-29 00:00:00+00:00,25567.0,25679.0,25216.0,25451.0,236.09689629
2023-09-30 00:00:00+00:00,25445.0,25628.0,25427.0,25505.0,97.99166459
2023-10-01 00:00:00+00:00,25502.0,26550.0,25498.0,26491.0,265.69627261
2023-10-02 00:00:00+00:00,26494.0,27194.0,26055.0,26264.0,493.62981042
2023-10-03 00:00:00+00:00,26233.0,26408.0,25950.0,26200.0,250.3981853
2023-10-04 00:00:00+00:00,26192.0,26493.0,25989.0,26459.0,215.87128061
2023-10-05 00:00:00+00:00,26444.0,26721.0,25973.0,25997.0,233.07260241
2023-10-06 00:00:00+00:00,25995.0,26700.0,25906.0,26407.0,276.92003445
2023-10-07 00:00:00+00:00,26402.0,26498.0,26331.0,26433.0,61.19153718
2023-10-08 00:00:00+00:00,26429.0,26563.0,26216.0,26430.0,165.63521545
2023-10-09 00:00:00+00:00,26430.0,26510.0,25891.0,26081.0,295.4177661
2023-10-10 00:00:00+00:00,26086.0,26239.0,25760.0,25835.0,176.03875758
2023-10-11 00:00:00+00:00,25831.0,25902.0,25070.0,25299.0,391.61587338
2023-10-12 00:00:00+00:00,25289.0,25417.0,25121.0,25388.0,222.13666291
2023-10-13 00:00:00+00:00,25383.0,25799.0,25375.0,25569.0,229.65476789
2023-10-14 00:00:00+00:00,25567.0,25691.0,25520.0,25565.0,111.42714069
2023-10-15 00:00:00+00:00,25561.0,25940.0,25512.0,25828.0,291.26330253
2023-10-16 00:00:00+00:00,25817.0,28503.0,25779.0,27015.0,697.5253511
2023-10-17 00:00:00+00:00,27006.0,27111.0,26616.0,26868.0,325.30939429
2023-10-18 00:00:00+00:00,26856.0,27408.0,26725.0,26891.0,289.05919754
2023-10-19 00:00:00+00:00,26882.0,27321.0,26700.0,27153.0,307.96570268
2023-10-20 00:00:00+00:00,27146.0,28542.0,27048.0,28008.0,523.27537603
2023-10-21 00:00:00+00:00,28003.0,28640.0,27816.0,28236.0,141.22334055
2023-10-22 00:00:00+00:00,28231.0,28536.0,28000.0,28310.0,182.72214841
2023-10-23 00:00:00+00:00,28316.0,32367.0,28216.0,30969.0,742.84252223
2023-10-24 00:00:00+00:00,31008.0,32943.0,30804.0,32015.0,952.12163493
2023-10-25 00:00:00+00:00,32021.0,33225.0,31816.0,32675.0,586.90441681
2023-10-26 00:00:00+00:00,32663.0,33044.0,32038.0,32337.0,347.27674539
2023-10-27 00:00:00+00:00,32330.0,32437.0,31572.0,32085.0,448.80887659
2023-10-28 00:00:00+00:00,32082.0,32660.0,32063.0,32283.0,140.69695867
2023-10-29 00:00:00+00:00,32283.0,32929.0,32140.0,32706.0,136.48378883
2023-10-30 00:00:00+00:00,32710.0,32927.0,32160.0,32508.0,366.34244819
2023-10-31 00:00:00+00:00,32504.0,32857.0,32088.0,32767.0,293.33037593
2023-11-01 00:00:00+00:00,32761.0,33718.0,32316.0,33481.0,385.83807005
2023-11-02 00:00:00+00:00,33479.0,33964.0,32356.0,32942.0,406.94185721
2023-11-03 00:00:00+00:00,32943.0,32947.0,32035.0,32404.0,305.0158001
2023-11-04 00:00:00+00:00,32395.0,32918.0,32279.0,32745.0,120.18034529
2023-11-05 00:00:00+00:00,32739.0,33024.0,32162.0,32684.0,121.32238769
2023-11-06 00:00:00+00:00,32681.0,32857.0,32389.0,32729.0,215.20622909
2023-11-07 00:00:00+00:00,32729.0,33585.0,32368.0,33130.0,280.24596123
2023-11-08 00:00:00+00:00,33130.0,33724.0,32852.0,33287.0,246.03625536
2023-11-09 00:00:00+00:00,33279.0,35484.0,33216.0,34422.0,740.44784774
2023-11-10 00:00:00+00:00,34430.0,35148.0,34044.0,34938.0,389.03223587
2023-11-11 00:00:00+00:00,34949.0,35032.0,34433.0,34815.0,178.68598624
2023-11-12 00:00:00+00:00,34815.0,34894.0,34467.0,34721.0,96.32640534
2023-11-13 00:00:00+00:00,34712.0,35044.0,33992.0,34089.0,390.20313287
2023-11-14 00:00:00+00:00,34088.0,34375.0,32100.0,32705.0,539.56649449
2023-11-15 00:00:00+00:00,32696.0,35010.0,32526.0,34947.0,465.40608294
2023-11-16 00:00:00+00:00,34917.0,34986.0,32730.0,33341.0,395.3221863
2023-11-17 00:00:00+00:00,33339.0,33817.0,33037.0,33609.0,390.8269883
2023-11-18 00:00:00+00:00,33604.0,33835.0,33239.0,33586.0,117.08230785
2023-11-19 00:00:00+00:00,33595.0,34431.0,33416.0,34302.0,141.52218981
2023-11-20 00:00:00+00:00,34313.0,34543.0,33602.0,34256.0,310.47040853
2023-11-21 00:00:00+00:00,34254.0,34402.0,32768.0,32768.0,379.65233755
2023-11-22 00:00:00+00:00,32768.0,34780.0,32682.0,34376.0,378.14863677
2023-11-23 00:00:00+00:00,34372.0,34491.0,33841.0,34225.0,252.10441232
2023-11-24 00:00:00+00:00,34224.0,35156.0,34188.0,34497.0,274.05587058
2023-11-25 00:00:00+00:00,34493.0,34671.0,34400.0,34578.0,69.74352971
2023-11-26 00:00:00+00:00,34570.0,34612.0,34002.0,34252.0,165.9977936
2023-11-27 00:00:00+00:00,34254.0,34383.0,33600.0,34006.0,300.3523692
2023-11-28 00:00:00+00:00,34000.0,34950.0,33692.0,34391.0,372.45124464
2023-11-29 00:00:00+00:00,34383.0,35029.0,34278.0,34522.0,333.43952403
2023-11-30 00:00:00+00:00,34521.0,34771.0,34369.0,34644.0,277.67834031
2023-12-01 00:00:00+00:00,34655.0,35853.0,34527.0,35571.0,448.0967178
2023-12-02 00:00:00+00:00,35565.0,36495.0,35528.0,36259.0,167.28960983
2023-12-03 00:00:00+00:00,36244.0,36926.0,36073.0,36729.0,156.15209757
2023-12-04 00:00:00+00:00,36725.0,39120.0,36720.0,38741.0,585.54042871
2023-12-05 00:00:00+00:00,38742.0,41197.0,38278.0,40835.0,511.93080117
2023-12-06 00:00:00+00:00,40825.0,41033.0,40226.0,40662.0,406.29382422
2023-12-07 00:00:00+00:00,40650.0,40934.0,39731.0,40147.0,432.74210682
2023-12-08 00:00:00+00:00,40116.0,41575.0,39971.0,41080.0,414.77734623
2023-12-09 00:00:00+00:00,41074.0,41246.0,40537.0,40663.0,173.42122191
2023-12-10 00:00:00+00:00,40649.0,40989.0,40482.0,40697.0,113.50721735
2023-12-11 00:00:00+00:00,40698.0,40712.0,37318.0,38322.0,857.73846302
2023-12-12 00:00:00+00:00,38297.0,39029.0,37693.0,38388.0,371.70569097
2023-12-13 00:00:00+00:00,38418.0,39988.0,37637.0,39426.0,494.4037505
2023-12-14 00:00:00+00:00,39421.0,39671.0,37500.0,39153.0,419.05417493
2023-12-15 00:00:00+00:00,39151.0,39269.0,38231.0,38513.0,288.60957631
2023-12-16 00:00:00+00:00,38509.0,39218.0,38241.0,38829.0,134.54418106
2023-12-17 00:00:00+00:00,38817.0,38946.0,37885.0,37983.0,174.28914721
2023-12-18 00:00:00+00:00,37982.0,39140.0,37146.0,39055.0,516.5276138
2023-12-19 00:00:00+00:00,39050.0,39809.0,38083.0,38498.0,492.39332856
2023-12-20 00:00:00+00:00,38515.0,40404.0,38491.0,39888.0,527.53121645
2023-12-21 00:00:00+00:00,39891.0,40265.0,39475.0,39875.0,388.63918041
2023-12-22 00:00:00+00:00,39875.0,40386.0,39407.0,39984.0,304.35959359
2023-12-23 00:00:00+00:00,40000.0,40003.0,39396.0,39814.0,115.59406261
2023-12-24 00:00:00+00:00,39821.0,40000.0,38805.0,39208.0,257.95273103
2023-12-25 00:00:00+00:00,39178.0,39863.0,38950.0,39579.0,196.26317771
2023-12-26 00:00:00+00:00,39578.0,39597.0,37750.0,38522.0,306.29076304
2023-12-27 00:00:00+00:00,38520.0,39379.0,38205.0,39150.0,349.73307452
2023-12-28 00:00:00+00:00,39146.0,39434.0,38178.0,38524.0,342.83027198
2023-12-29 00:00:00+00:00,38511.0,39041.0,37555.0,38234.0,326.73750059
2023-12-30 00:00:00+00:00,38232.0,38691.0,37728.0,38295.0,153.28512584
2023-12-31 00:00:00+00:00,38293.0,38936.0,38137.0,38408.0,147.47016558
2024-01-01 00:00:00+00:00,38406.0,40079.0,38332.0,40079.0,302.49456325
2024-01-02 00:00:00+00:00,40074.0,41900.0,40052.0,41121.0,592.77763248
2024-01-03 00:00:00+00:00,41132.0,41606.0,38000.0,39323.0,749.17387911
2024-01-04 00:00:00+00:00,39335.0,40955.0,38982.0,40415.0,575.64628921
2024-01-05 00:00:00+00:00,40403.0,40665.0,38800.0,40429.0,1073.61405197
2024-01-06 00:00:00+00:00,40423.0,40478.0,39750.0,40262.0,200.28224019
2024-01-07 00:00:00+00:00,40249.0,40731.0,39932.0,40185.0,288.56644971
2024-01-08 00:00:00+00:00,40196.0,43154.0,39522.0,42919.0,733.69542295
2024-01-09 00:00:00+00:00,42908.0,43899.0,40852.0,42226.0,672.60923215
2024-01-10 00:00:00+00:00,42215.0,43518.0,40542.0,42565.0,995.71588812
2024-01-11 00:00:00+00:00,42565.0,44834.0,41602.0,42231.0,906.6657754
2024-01-12 00:00:00+00:00,42216.0,42396.0,37830.0,39143.0,771.97374626
2024-01-13 00:00:00+00:00,39148.0,39627.0,38812.0,39221.0,238.07698074
2024-01-14 00:00:00+00:00,39209.0,39380.0,38128.0,38138.0,167.61746768
2024-01-15 00:00:00+00:00,38128.0,39606.0,38118.0,38870.0,334.69485929
2024-01-16 00:00:00+00:00,38842.0,40091.0,38690.0,39678.0,394.78178006
2024-01-17 00:00:00+00:00,39671.0,39732.0,38868.0,39288.0,328.57967602
2024-01-18 00:00:00+00:00,39279.0,39399.0,37342.0,37986.0,437.19488239
2024-01-19 00:00:00+00:00,37992.0,38699.0,37035.0,38240.0,383.63046161
2024-01-20 00:00:00+00:00,38244.0,38430.0,38066.0,38287.0,101.74457641
2024-01-21 00:00:00+00:00,38283.0,38448.0,38118.0,38179.0,109.77741584
2024-01-22 00:00:00+00:00,38174.0,38234.0,36200.0,36352.0,623.92851811
2024-01-23 00:00:00+00:00,36350.0,36853.0,35464.0,36750.0,418.66360838
2024-01-24 00:00:00+00:00,36747.0,37236.0,36214.0,36836.0,533.06084286
2024-01-25 00:00:00+00:00,36836.0,36999.0,36459.0,36836.0,401.83375314
2024-01-26 00:00:00+00:00,36848.0,38913.0,36745.0,38547.0,574.53052332
2024-01-27 00:00:00+00:00,38553.0,38916.0,38167.0,38856.0,108.99994913
2024-01-28 00:00:00+00:00,38851.0,39462.0,38391.0,38770.0,195.23135033
2024-01-29 00:00:00+00:00,38761.0,40086.0,38629.0,39964.0,296.71300869
2024-01-30 00:00:00+00:00,39977.0,40514.0,39413.0,39636.0,325.90714729
2024-01-31 00:00:00+00:00,39633.0,40324.0,39100.0,39403.0,379.58864564
2024-02-01 00:00:00+00:00,39395.0,39808.0,38735.0,39617.0,288.21187146
2024-02-02 00:00:00+00:00,39645.0,40215.0,39318.0,39992.0,213.27987483
2024-02-03 00:00:00+00:00,39992.0,40155.0,39737.0,39841.0,75.61062168
2024-02-04 00:00:00+00:00,39843.0,39939.0,39151.0,39489.0,115.81321551
2024-02-05 00:00:00+00:00,39489.0,40475.0,39213.0,39730.0,264.17961376
2024-02-06 00:00:00+00:00,39729.0,40345.0,39587.0,40063.0,185.92827419
2024-02-07 00:00:00+00:00,40056.0,41191.0,39750.0,41136.0,340.86497645
2024-02-08 00:00:00+00:00,41131.0,42311.0,41119.0,42031.0,379.0950737
2024-02-09 00:00:00+00:00,42023.0,44671.0,41987.0,43669.0,575.02548054
2024-02-10 00:00:00+00:00,43664.0,44496.0,43354.0,44094.0,226.31014488
2024-02-11 00:00:00+00:00,44094.0,44836.0,43938.0,44701.0,133.1789586
2024-02-12 00:00:00+00:00,44688.0,46694.0,44138.0,46271.0,579.10883565
2024-02-13 00:00:00+00:00,46273.0,46699.0,45087.0,46429.0,493.67148253
2024-02-14 00:00:00+00:00,46428.0,48555.0,45987.0,48290.0,458.45709945
2024-02-15 00:00:00+00:00,48297.0,49040.0,47670.0,48219.0,378.1407871
2024-02-16 00:00:00+00:00,48199.0,48941.0,47922.0,48398.0,170.31255771
2024-02-17 00:00:00+00:00,48399.0,48430.0,46914.0,47951.0,154.4394127
2024-02-18 00:00:00+00:00,47943.0,48600.0,47518.0,48351.0,142.00799286
2024-02-19 00:00:00+00:00,48355.0,48705.0,47961.0,48057.0,208.03648417
2024-02-20 00:00:00+00:00,48058.0,49000.0,46989.0,48371.0,244.19961621
2024-02-21 00:00:00+00:00,48356.0,48465.0,46874.0,47921.0,236.10407674
2024-02-22 00:00:00+00:00,47945.0,48129.0,47014.0,47363.0,314.30368425
2024-02-23 00:00:00+00:00,47357.0,47591.0,46690.0,46876.0,289.09968502
2024-02-24 00:00:00+00:00,46876.0,47748.0,46732.0,47617.0,159.38554557
2024-02-25 00:00:00+00:00,47617.0,47950.0,47383.0,47789.0,167.0282493
2024-02-26 00:00:00+00:00,47780.0,50503.0,46938.0,50156.0,534.41832508
2024-02-27 00:00:00+00:00,50142.0,53100.0,50137.0,52606.0,722.96248205
2024-02-28 00:00:00+00:00,52597.0,59086.0,52320.0,57625.0,1184.50465423
2024-02-29 00:00:00+00:00,57628.0,58650.0,55764.0,56570.0,754.64012322
2024-03-01 00:00:00+00:00,56549.0,58335.0,56160.0,57563.0,652.91805728
2024-03-02 00:00:00+00:00,57548.0,57605.0,56890.0,57231.0,148.90308608
2024-03-03 00:00:00+00:00,57229.0,58312.0,56605.0,58228.0,212.14851748
2024-03-04 00:00:00+00:00,58207.0,63122.0,57530.0,62907.0,1010.24171223
2024-03-05 00:00:00+00:00,62912.0,63600.0,54206.0,58807.0,1716.02050263
2024-03-06 00:00:00+00:00,58804.0,62283.0,57909.0,60630.0,607.87272871
2024-03-07 00:00:00+00:00,60633.0,62365.0,60186.0,61121.0,531.7922388
2024-03-08 00:00:00+00:00,61118.0,64000.0,60420.0,62409.0,843.6226167
2024-03-09 00:00:00+00:00,62413.0,62791.0,62189.0,62615.0,142.03311674
2024-03-10 00:00:00+00:00,62594.0,63966.0,62353.0,63056.0,274.38543187
2024-03-11 00:00:00+00:00,63056.0,66659.0,61351.0,65888.0,849.47262259
2024-03-12 00:00:00+00:00,65876.0,66950.0,62879.0,65424.0,649.43529417
2024-03-13 00:00:00+00:00,65398.0,67426.0,65279.0,66762.0,664.51698178
2024-03-14 00:00:00+00:00,66767.0,67448.0,63000.0,65642.0,704.79881585
2024-03-15 00:00:00+00:00,65626.0,66595.0,54000.0,63864.0,1148.64209536
2024-03-16 00:00:00+00:00,63863.0,64357.0,59462.0,59915.0,423.51062111
2024-03-17 00:00:00+00:00,59900.0,63244.0,59138.0,62807.0,448.65048803
2024-03-18 00:00:00+00:00,62805.0,63291.0,61196.0,62163.0,478.64638543
2024-03-19 00:00:00+00:00,62133.0,62620.0,56636.0,57017.0,988.07910148
2024-03-20 00:00:00+00:00,56983.0,62435.0,55955.0,62120.0,527.78566299
2024-03-21 00:00:00+00:00,62085.0,62460.0,59462.0,60313.0,394.48989718
2024-03-22 00:00:00+00:00,60308.0,61493.0,57729.0,59110.0,335.36201925
2024-03-23 00:00:00+00:00,59073.0,61147.0,58385.0,59274.0,164.00747376
2024-03-24 00:00:00+00:00,59246.0,62573.0,59090.0,62216.0,177.42039452
2024-03-25 00:00:00+00:00,62193.0,65646.0,61410.0,64456.0,484.26842946
2024-03-26 00:00:00+00:00,64429.0,65947.0,63944.0,64606.0,313.66998308
2024-03-27 00:00:00+00:00,64585.0,66300.0,63180.0,64183.0,370.91613207
2024-03-28 00:00:00+00:00,64183.0,66275.0,63670.0,65591.0,185.49379207
2024-03-29 00:00:00+00:00,65597.0,65782.0,63949.0,64791.0,124.09256694
2024-03-30 00:00:00+00:00,64785.0,65185.0,64544.0,64569.0,87.30143417
2024-03-31 00:00:00+00:00,64562.0,66179.0,64539.0,66088.0,137.84215353
2024-04-01 00:00:00+00:00,66090.0,66090.0,63424.0,64903.0,192.241155
2024-04-02 00:00:00+00:00,64887.0,64914.0,60041.0,60844.0,451.04852911
2024-04-03 00:00:00+00:00,60860.0,61980.0,60000.0,60947.0,316.02083073
2024-04-04 00:00:00+00:00,60933.0,63900.0,60076.0,63260.0,247.67185198
2024-04-05 00:00:00+00:00,63263.0,63451.0,61056.0,62631.0,214.31849357
2024-04-06 00:00:00+00:00,62627.0,64314.0,62283.0,63584.0,125.60890648
2024-04-07 00:00:00+00:00,63608.0,64845.0,63543.0,64047.0,131.66925151
2024-04-08 00:00:00+00:00,64028.0,67150.0,63795.0,65932.0,363.44285196
2024-04-09 00:00:00+00:00,65911.0,66040.0,62888.0,63690.0,271.34285789
2024-04-10 00:00:00+00:00,63674.0,66203.0,62659.0,65677.0,322.45908239
2024-04-11 00:00:00+00:00,65735.0,66329.0,64874.0,65271.0,244.74080273
2024-04-12 00:00:00+00:00,65266.0,66598.0,61300.0,63341.0,417.00552132
2024-04-13 00:00:00+00:00,63312.0,64051.0,57356.0,61202.0,574.12134455
2024-04-14 00:00:00+00:00,61151.0,62466.0,59146.0,61821.0,609.09476707
2024-04-15 00:00:00+00:00,61811.0,62892.0,58710.0,59738.0,293.87260383
2024-04-16 00:00:00+00:00,59701.0,60706.0,58027.0,60140.0,323.82026051
2024-04-17 00:00:00+00:00,60130.0,60802.0,56144.0,57517.0,400.7865888
2024-04-18 00:00:00+00:00,57503.0,60244.0,56896.0,59703.0,359.09225064
2024-04-19 00:00:00+00:00,59692.0,61482.0,56175.0,59982.0,480.87359089
2024-04-20 00:00:00+00:00,59995.0,61515.0,59318.0,61082.0,187.74652884
2024-04-21 00:00:00+00:00,61054.0,61712.0,60379.0,60955.0,122.33571838
2024-04-22 00:00:00+00:00,60978.0,63131.0,60531.0,62757.0,203.159728
2024-04-23 00:00:00+00:00,62744.0,63038.0,61673.0,62081.0,153.32539956
2024-04-24 00:00:00+00:00,62078.0,62665.0,59456.0,60080.0,289.95320998
2024-04-25 00:00:00+00:00,60058.0,60852.0,58756.0,60147.0,180.17539203
2024-04-26 00:00:00+00:00,60137.0,60581.0,59277.0,59667.0,128.56863905
2024-04-27 00:00:00+00:00,59666.0,59806.0,58425.0,59383.0,114.04400263
2024-04-28 00:00:00+00:00,59376.0,60161.0,58677.0,58978.0,76.62206708
2024-04-29 00:00:00+00:00,58942.0,59886.0,57758.0,59569.0,149.65229566
2024-04-30 00:00:00+00:00,59569.0,60373.0,55353.0,56857.0,403.48812204
2024-05-01 00:00:00+00:00,56868.0,56983.0,52000.0,54366.0,492.01866368
2024-05-02 00:00:00+00:00,54362.0,55634.0,53167.0,55106.0,291.70326177
2024-05-03 00:00:00+00:00,55087.0,59999.0,54813.0,58492.0,296.14414769
2024-05-04 00:00:00+00:00,58485.0,59968.0,58165.0,59376.0,147.38968353
2024-05-05 00:00:00+00:00,59383.0,60025.0,58449.0,59491.0,101.76545999
2024-05-06 00:00:00+00:00,59491.0,60812.0,58241.0,58673.0,221.23240675
2024-05-07 00:00:00+00:00,58649.0,59842.0,57933.0,57982.0,167.84594276
2024-05-08 00:00:00+00:00,57963.0,58648.0,56650.0,56939.0,190.13524144
2024-05-09 00:00:00+00:00,56903.0,58829.0,56431.0,58508.0,153.88857848
2024-05-10 00:00:00+00:00,58501.0,58877.0,55300.0,56504.0,224.59618697
2024-05-11 00:00:00+00:00,56508.0,57181.0,56200.0,56502.0,74.86662259
2024-05-12 00:00:00+00:00,56502.0,57415.0,56304.0,57079.0,69.72508197
2024-05-13 00:00:00+00:00,57083.0,58767.0,56427.0,58298.0,197.34408701
2024-05-14 00:00:00+00:00,58286.0,58478.0,56500.0,56926.0,176.37783646
2024-05-15 00:00:00+00:00,56917.0,61060.0,56704.0,60825.0,315.46490964
2024-05-16 00:00:00+00:00,60793.0,62535.0,59441.0,60037.0,267.810623
2024-05-17 00:00:00+00:00,60029.0,62100.0,60000.0,61719.0,178.93839601
2024-05-18 00:00:00+00:00,61684.0,61996.0,61320.0,61602.0,61.77859212
2024-05-19 00:00:00+00:00,61584.0,62250.0,60626.0,60945.0,84.18059551
2024-05-20 00:00:00+00:00,60927.0,65714.0,60776.0,65665.0,256.87819007
2024-05-21 00:00:00+00:00,65676.0,66129.0,63602.0,64544.0,313.44314195
2024-05-22 00:00:00+00:00,64552.0,65086.0,63686.0,63804.0,166.03973836
2024-05-23 00:00:00+00:00,63868.0,64550.0,61305.0,62865.0,300.85459423
2024-05-24 00:00:00+00:00,62838.0,63866.0,61544.0,63235.0,140.56280619
2024-05-25 00:00:00+00:00,63235.0,64189.0,63192.0,63913.0,60.31674647
2024-05-26 00:00:00+00:00,63951.0,64086.0,62809.0,63127.0,76.28542583
2024-05-27 00:00:00+00:00,63121.0,64973.0,62787.0,63897.0,176.87647409
2024-05-28 00:00:00+00:00,63858.0,63950.0,61864.0,62943.0,170.56526971
2024-05-29 00:00:00+00:00,62964.0,63474.0,62080.0,62570.0,153.51594853
2024-05-30 00:00:00+00:00,62567.0,64097.0,62063.0,63088.0,157.27051037
2024-05-31 00:00:00+00:00,63106.0,63500.0,61462.0,62226.0,149.19613937
2024-06-01 00:00:00+00:00,62223.0,62545.0,62159.0,62430.0,106.02439509
2024-06-02 00:00:00+00:00,62421.0,63022.0,62019.0,62449.0,106.49780924
2024-06-03 00:00:00+00:00,62422.0,64700.0,62286.0,63082.0,283.57257517
2024-06-04 00:00:00+00:00,63064.0,65253.0,62921.0,64781.0,239.04075736
2024-06-05 00:00:00+00:00,64776.0,66077.0,64690.0,65354.0,262.09548876
2024-06-06 00:00:00+00:00,65367.0,65796.0,64400.0,64992.0,186.37529412
2024-06-07 00:00:00+00:00,64992.0,66133.0,63373.0,64262.0,277.564954
2024-06-08 00:00:00+00:00,64244.0,64482.0,64069.0,64267.0,78.88214311
2024-06-09 00:00:00+00:00,64258.0,64835.0,64080.0,64646.0,103.80509037
2024-06-10 00:00:00+00:00,64644.0,65304.0,64276.0,64544.0,161.76074188
2024-06-11 00:00:00+00:00,64531.0,64592.0,61215.0,62738.0,324.24861276
2024-06-12 00:00:00+00:00,62716.0,64999.0,62235.0,63131.0,297.29247517
2024-06-13 00:00:00+00:00,63125.0,63353.0,61610.0,62177.0,175.5086181
2024-06-14 00:00:00+00:00,62177.0,63072.0,60820.0,61751.0,175.27947139
2024-06-15 00:00:00+00:00,61751.0,62114.0,61488.0,61827.0,63.03544158
2024-06-16 00:00:00+00:00,61827.0,62510.0,61684.0,62264.0,53.77702501
2024-06-17 00:00:00+00:00,62258.0,62681.0,60714.0,61894.0,224.52178948
2024-06-18 00:00:00+00:00,61908.0,61966.0,59655.0,60679.0,251.02856172
2024-06-19 00:00:00+00:00,60676.0,61173.0,60204.0,60451.0,181.19503427
2024-06-20 00:00:00+00:00,60454.0,61918.0,60257.0,60546.0,251.81294596
2024-06-21 00:00:00+00:00,60563.0,60700.0,56111.0,59983.0,382.33465496
2024-06-22 00:00:00+00:00,59993.0,60317.0,59796.0,59979.0,70.38833372
2024-06-23 00:00:00+00:00,59992.0,60219.0,59101.0,59101.0,82.17605492
2024-06-24 00:00:00+00:00,59098.0,59245.0,54421.0,56168.0,691.0211231
2024-06-25 00:00:00+00:00,56166.0,58232.0,56116.0,57728.0,310.27311165
2024-06-26 00:00:00+00:00,57700.0,58279.0,56813.0,56918.0,192.96830024
2024-06-27 00:00:00+00:00,56924.0,58158.0,56609.0,57554.0,156.73934527
2024-06-28 00:00:00+00:00,57537.0,58156.0,55984.0,56336.0,205.50299427
2024-06-29 00:00:00+00:00,56326.0,57102.0,56309.0,56872.0,57.50790472
2024-06-30 00:00:00+00:00,56867.0,58614.0,56637.0,58389.0,180.67381062
2024-07-01 00:00:00+00:00,58394.0,59475.0,58078.0,58529.0,498.50882048
2024-07-02 00:00:00+00:00,58521.0,58895.0,57503.0,57727.0,186.52688139
2024-07-03 00:00:00+00:00,57727.0,57860.0,55054.0,55738.0,430.66060137
2024-07-04 00:00:00+00:00,55740.0,55984.0,52000.0,52774.0,752.1327243
2024-07-05 00:00:00+00:00,52759.0,53180.0,49502.0,52274.0,1065.13295261
2024-07-06 00:00:00+00:00,52254.0,53885.0,51733.0,53670.0,558.61899409
2024-07-07 00:00:00+00:00,53658.0,53829.0,51467.0,51588.0,197.46065776
2024-07-08 00:00:00+00:00,51589.0,53700.0,50149.0,52338.0,828.69743277
2024-07-09 00:00:00+00:00,52312.0,53865.0,51958.0,53657.0,302.01215851
2024-07-10 00:00:00+00:00,53652.0,54916.0,52786.0,53284.0,351.02070256
2024-07-11 00:00:00+00:00,53281.0,54687.0,52605.0,52736.0,958.41655606
2024-07-12 00:00:00+00:00,52730.0,53663.0,52033.0,53097.0,663.43245304
2024-07-13 00:00:00+00:00,53095.0,54836.0,52980.0,54271.0,172.46323424
2024-07-14 00:00:00+00:00,54255.0,56385.0,54255.0,55858.0,251.43782397
2024-07-15 00:00:00+00:00,55870.0,59580.0,55757.0,59426.0,400.43965632
2024-07-16 00:00:00+00:00,59416.0,59995.0,57269.0,59687.0,460.51144237
2024-07-17 00:00:00+00:00,59699.0,60677.0,58477.0,58602.0,208.76119118
2024-07-18 00:00:00+00:00,58601.0,59621.0,58044.0,58693.0,148.10774071
2024-07-19 00:00:00+00:00,58701.0,61992.0,58134.0,61283.0,230.22473541
2024-07-20 00:00:00+00:00,61277.0,62134.0,60895.0,61665.0,71.07949839
2024-07-21 00:00:00+00:00,61657.0,62700.0,60395.0,62507.0,166.1017629
2024-07-22 00:00:00+00:00,62532.0,62835.0,61173.0,62034.0,288.34312339
2024-07-23 00:00:00+00:00,62025.0,62208.0,60316.0,60758.0,212.62408369
2024-07-24 00:00:00+00:00,60747.0,61786.0,60083.0,60336.0,148.80157485
2024-07-25 00:00:00+00:00,60309.0,60962.0,58522.0,60637.0,201.67184941
2024-07-26 00:00:00+00:00,60637.0,62828.0,60578.0,62549.0,435.68135507
2024-07-27 00:00:00+00:00,62548.0,63856.0,61393.0,62492.0,216.41202298
2024-07-28 00:00:00+00:00,62477.0,62888.0,61789.0,62870.0,76.41764679
2024-07-29 00:00:00+00:00,62854.0,64730.0,61387.0,61736.0,343.99183607
2024-07-30 00:00:00+00:00,61700.0,61889.0,60435.0,61179.0,187.31006453
2024-07-31 00:00:00+00:00,61181.0,61798.0,59606.0,59708.0,210.21773185
2024-08-01 00:00:00+00:00,59698.0,60955.0,57700.0,60557.0,359.64101149
2024-08-02 00:00:00+00:00,60536.0,60748.0,56087.0,56325.0,430.97450729
2024-08-03 00:00:00+00:00,56325.0,57108.0,54748.0,55698.0,404.47887437
2024-08-04 00:00:00+00:00,55713.0,56432.0,52525.0,53312.0,558.86839058
2024-08-05 00:00:00+00:00,53312.0,53448.0,45112.0,49381.0,1639.187581
2024-08-06 00:00:00+00:00,49381.0,52283.0,49349.0,51380.0,670.68898133
2024-08-07 00:00:00+00:00,51341.0,52916.0,50008.0,50481.0,419.80673913
2024-08-08 00:00:00+00:00,50490.0,57491.0,50122.0,56554.0,325.20554701
2024-08-09 00:00:00+00:00,56538.0,56565.0,54549.0,55785.0,320.12754718
2024-08-10 00:00:00+00:00,55795.0,56305.0,55245.0,55862.0,70.95618454
2024-08-11 00:00:00+00:00,55856.0,56700.0,53427.0,53835.0,165.57625109
2024-08-12 00:00:00+00:00,53778.0,55523.0,52796.0,54299.0,225.60280058
2024-08-13 00:00:00+00:00,54296.0,56112.0,53526.0,55118.0,240.51550719
2024-08-14 00:00:00+00:00,55128.0,56055.0,53100.0,53327.0,237.94327454
2024-08-15 00:00:00+00:00,53349.0,54500.0,51211.0,52491.0,356.52763965
2024-08-16 00:00:00+00:00,52491.0,54317.0,52100.0,53470.0,300.44674716
2024-08-17 00:00:00+00:00,53464.0,54198.0,53399.0,53987.0,68.83758989
2024-08-18 00:00:00+00:00,54004.0,54690.0,52971.0,53100.0,149.67890749
2024-08-19 00:00:00+00:00,53047.0,53775.0,52417.0,53661.0,219.06106848
2024-08-20 00:00:00+00:00,53639.0,55427.0,52735.0,53041.0,333.41502658
2024-08-21 00:00:00+00:00,53043.0,55465.0,52865.0,54829.0,311.55145267
2024-08-22 00:00:00+00:00,54855.0,55149.0,53655.0,54331.0,259.99407613
2024-08-23 00:00:00+00:00,54337.0,58019.0,54313.0,57317.0,395.4900239
2024-08-24 00:00:00+00:00,57310.0,57638.0,56766.0,57275.0,164.93307521
2024-08-25 00:00:00+00:00,57265.0,58110.0,56921.0,57409.0,156.73448117
2024-08-26 00:00:00+00:00,57409.0,57616.0,56267.0,56293.0,175.34329698
2024-08-27 00:00:00+00:00,56269.0,56601.0,51999.0,53233.0,343.72599381
2024-08-28 00:00:00+00:00,53186.0,54194.0,52100.0,53078.0,305.88287431
2024-08-29 00:00:00+00:00,53098.0,55232.0,52956.0,53588.0,379.9028271
2024-08-30 00:00:00+00:00,53567.0,54107.0,52283.0,53551.0,306.58874197
2024-08-31 00:00:00+00:00,53557.0,53851.0,53189.0,53396.0,59.8045896
2024-09-01 00:00:00+00:00,53387.0,53469.0,51826.0,51916.0,217.72889428
2024-09-02 00:00:00+00:00,51910.0,53690.0,51728.0,53440.0,259.47088365
2024-09-03 00:00:00+00:00,53438.0,54044.0,51981.0,52030.0,223.25309523
2024-09-04 00:00:00+00:00,52030.0,52811.0,50374.0,52329.0,364.90800281
2024-09-05 00:00:00+00:00,52325.0,52644.0,50058.0,50554.0,252.83383809
2024-09-06 00:00:00+00:00,50543.0,51375.0,47455.0,48761.0,574.06018144
2024-09-07 00:00:00+00:00,48757.0,49573.0,48546.0,48898.0,214.850549
2024-09-08 00:00:00+00:00,48912.0,49880.0,48455.0,49518.0,160.4578868
2024-09-09 00:00:00+00:00,49524.0,52606.0,49323.0,51684.0,375.836687
2024-09-10 00:00:00+00:00,51710.0,52643.0,51132.0,52325.0,173.70236404
2024-09-11 00:00:00+00:00,52314.0,52647.0,50493.0,52077.0,290.3564364
2024-09-12 00:00:00+00:00,52091.0,53099.0,51957.0,52487.0,389.75304896
2024-09-13 00:00:00+00:00,52481.0,54751.0,52000.0,54682.0,328.19589275
2024-09-14 00:00:00+00:00,54655.0,54751.0,53646.0,54154.0,90.41303114
2024-09-15 00:00:00+00:00,54151.0,54466.0,52949.0,53345.0,140.61703782
2024-09-16 00:00:00+00:00,53343.0,53392.0,51690.0,52299.0,242.5987747
2024-09-17 00:00:00+00:00,52299.0,55136.0,51811.0,54235.0,413.51507682
2024-09-18 00:00:00+00:00,54234.0,55588.0,53250.0,55560.0,430.64961584
2024-09-19 00:00:00+00:00,55581.0,57235.0,55438.0,56410.0,436.3872735
2024-09-20 00:00:00+00:00,56406.0,57407.0,55895.0,56634.0,208.20285138
2024-09-21 00:00:00+00:00,56631.0,56951.0,56248.0,56759.0,71.98589382
2024-09-22 00:00:00+00:00,56756.0,57329.0,55910.0,56953.0,163.27202093
2024-09-23 00:00:00+00:00,56968.0,57955.0,56097.0,56996.0,193.04514077
2024-09-24 00:00:00+00:00,56995.0,57800.0,56270.0,57417.0,284.44933317
2024-09-25 00:00:00+00:00,57433.0,57920.0,56509.0,56736.0,165.56645284
2024-09-26 00:00:00+00:00,56724.0,58915.0,56286.0,58330.0,292.76374219
2024-09-27 00:00:00+00:00,58312.0,59523.0,58051.0,58941.0,248.40261863
2024-09-28 00:00:00+00:00,58932.0,59348.0,58614.0,58982.0,101.70019286
2024-09-29 00:00:00+00:00,58981.0,59134.0,58602.0,58749.0,127.4765427
2024-09-30 00:00:00+00:00,58740.0,58741.0,56436.0,56854.0,318.99397171
2024-10-01 00:00:00+00:00,56842.0,57704.0,54368.0,54961.0,434.78884296
2024-10-02 00:00:00+00:00,54903.0,56419.0,54309.0,54902.0,278.68295666
2024-10-03 00:00:00+00:00,54893.0,55709.0,54240.0,55052.0,281.43225791
2024-10-04 00:00:00+00:00,55050.0,56928.0,54800.0,56518.0,426.20873293
2024-10-05 00:00:00+00:00,56553.0,56821.0,56177.0,56516.0,66.23191354
2024-10-06 00:00:00+00:00,56494.0,57328.0,56299.0,57242.0,83.62755264
2024-10-07 00:00:00+00:00,57236.0,58708.0,56603.0,56701.0,216.68803921
2024-10-08 00:00:00+00:00,56684.0,57567.0,56375.0,56605.0,165.0805689
2024-10-09 00:00:00+00:00,56599.0,56995.0,55100.0,55379.0,221.47203301
2024-10-10 00:00:00+00:00,55375.0,56038.0,53923.0,55139.0,186.25159367
2024-10-11 00:00:00+00:00,55133.0,57969.0,54933.0,57034.0,181.70390614
2024-10-12 00:00:00+00:00,57161.0,58000.0,57121.0,57732.0,99.05000378
2024-10-13 00:00:00+00:00,57731.0,57788.0,56650.0,57503.0,139.72553118
2024-10-14 00:00:00+00:00,57506.0,60833.0,57175.0,60501.0,401.55972812
2024-10-15 00:00:00+00:00,60508.0,62239.0,59438.0,61561.0,283.09292813
2024-10-16 00:00:00+00:00,61569.0,62779.0,61315.0,62248.0,265.24532018
2024-10-17 00:00:00+00:00,62246.0,62540.0,61460.0,62218.0,196.04817729
2024-10-18 00:00:00+00:00,62212.0,63500.0,61996.0,62983.0,221.16543448
2024-10-19 00:00:00+00:00,62977.0,63191.0,62562.0,62848.0,64.21897658
2024-10-20 00:00:00+00:00,62846.0,63782.0,62617.0,63467.0,143.28904092
2024-10-21 00:00:00+00:00,63445.0,63899.0,61700.0,62256.0,208.4105154
2024-10-22 00:00:00+00:00,62246.0,62766.0,61534.0,62409.0,127.63133152
2024-10-23 00:00:00+00:00,62392.0,62420.0,60500.0,61800.0,188.85323336
2024-10-24 00:00:00+00:00,61774.0,63537.0,61626.0,62972.0,211.50903823
2024-10-25 00:00:00+00:00,62962.0,63437.0,60771.0,61762.0,200.55995515
2024-10-26 00:00:00+00:00,61723.0,62447.0,61545.0,62124.0,127.45654427
2024-10-27 00:00:00+00:00,62118.0,63192.0,61985.0,62906.0,100.42021747
2024-10-28 00:00:00+00:00,62910.0,64913.0,62629.0,64616.0,278.79986607
2024-10-29 00:00:00+00:00,64618.0,68000.0,64447.0,67130.0,621.9305965
2024-10-30 00:00:00+00:00,67123.0,67165.0,65921.0,66592.0,288.44145587
2024-10-31 00:00:00+00:00,66589.0,66865.0,63951.0,64507.0,266.03143441
2024-11-01 00:00:00+00:00,64500.0,65948.0,63237.0,64170.0,274.08689589
2024-11-02 00:00:00+00:00,64160.0,64529.0,63769.0,64124.0,66.60865225
2024-11-03 00:00:00+00:00,64127.0,64127.0,62312.0,63333.0,606.37031466
2024-11-04 00:00:00+00:00,63332.0,63769.0,61412.0,62362.0,546.54422591
2024-11-05 00:00:00+00:00,62362.0,64626.0,62021.0,63476.0,425.98831145
2024-11-06 00:00:00+00:00,63487.0,71171.0,63464.0,70400.0,1370.48632496
2024-11-07 00:00:00+00:00,70389.0,71205.0,68929.0,70294.0,406.11152617
2024-11-08 00:00:00+00:00,70293.0,72134.0,70163.0,71424.0,456.61803876
2024-11-09 00:00:00+00:00,71419.0,71791.0,70670.0,71557.0,111.93374691
2024-11-10 00:00:00+00:00,71550.0,75950.0,71408.0,74947.0,500.76572895
2024-11-11 00:00:00+00:00,74913.0,82881.0,74772.0,82175.0,1078.73862892
2024-11-12 00:00:00+00:00,82192.0,84449.0,76555.0,82488.0,786.32289781
2024-11-13 00:00:00+00:00,82374.0,88000.0,80906.0,85410.0,960.94930068
2024-11-14 00:00:00+00:00,85419.0,87087.0,82325.0,82924.0,761.7301613
2024-11-15 00:00:00+00:00,82921.0,87139.0,82628.0,86284.0,629.48900923
2024-11-16 00:00:00+00:00,86268.0,86919.0,85215.0,85663.0,124.54260854
2024-11-17 00:00:00+00:00,85715.0,86455.0,84040.0,85161.0,345.42869012
2024-11-18 00:00:00+00:00,85164.0,87589.0,84598.0,85415.0,675.19683065
2024-11-19 00:00:00+00:00,85402.0,88736.0,85339.0,87087.0,555.6204228
2024-11-20 00:00:00+00:00,87087.0,90133.0,86444.0,89222.0,720.47760019
2024-11-21 00:00:00+00:00,89230.0,94260.0,89087.0,93639.0,1284.61190523
2024-11-22 00:00:00+00:00,93615.0,95612.0,93054.0,94829.0,616.56925081
2024-11-23 00:00:00+00:00,94814.0,94814.0,92797.0,93312.0,249.30337622
2024-11-24 00:00:00+00:00,93311.0,94180.0,91229.0,93329.0,474.97828566
2024-11-25 00:00:00+00:00,93332.0,94407.0,88010.0,88963.0,655.76758436
2024-11-26 00:00:00+00:00,88938.0,90757.0,86561.0,87595.0,782.81932373
2024-11-27 00:00:00+00:00,87603.0,92199.0,87464.0,90869.0,364.5389138
2024-11-28 00:00:00+00:00,90839.0,91585.0,89750.0,90597.0,370.1647492
2024-11-29 00:00:00+00:00,90599.0,93546.0,90298.0,92168.0,319.7234168
2024-11-30 00:00:00+00:00,92165.0,92165.0,90744.0,91164.0,120.00694459
2024-12-01 00:00:00+00:00,91160.0,92672.0,90488.0,92171.0,153.27268646
2024-12-02 00:00:00+00:00,92172.0,93150.0,90012.0,91267.0,250.7324525
2024-12-03 00:00:00+00:00,91262.0,91765.0,88946.0,91297.0,270.20701637
2024-12-04 00:00:00+00:00,91253.0,94300.0,89950.0,93793.0,487.92994684
2024-12-05 00:00:00+00:00,93790.0,98040.0,86700.0,91699.0,977.85883218
2024-12-06 00:00:00+00:00,91695.0,96569.0,91144.0,94452.0,340.79335912
2024-12-07 00:00:00+00:00,94416.0,95113.0,93692.0,94426.0,149.16774776
2024-12-08 00:00:00+00:00,94411.0,95889.0,93406.0,95686.0,168.22293023
2024-12-09 00:00:00+00:00,95685.0,95751.0,89270.0,92294.0,310.06257068
2024-12-10 00:00:00+00:00,92221.0,93411.0,89586.0,91811.0,368.26110248
2024-12-11 00:00:00+00:00,91809.0,97000.0,90885.0,96249.0,325.35249892
2024-12-12 00:00:00+00:00,96253.0,97700.0,94700.0,95440.0,223.90330774
2024-12-13 00:00:00+00:00,95434.0,97073.0,94747.0,96556.0,163.52921539
2024-12-14 00:00:00+00:00,96554.0,97665.0,95767.0,96510.0,95.40444069
2024-12-15 00:00:00+00:00,96504.0,99749.0,96380.0,99073.0,293.1343259
2024-12-16 00:00:00+00:00,99097.0,102420.0,98380.0,100750.0,640.69281126
2024-12-17 00:00:00+00:00,100748.0,103000.0,100365.0,101170.0,286.5196128
2024-12-18 00:00:00+00:00,101129.0,101424.0,96633.0,96805.0,354.60426509
2024-12-19 00:00:00+00:00,96788.0,98792.0,92181.0,94022.0,329.70285792
2024-12-20 00:00:00+00:00,94021.0,94529.0,88524.0,93911.0,689.49394363
2024-12-21 00:00:00+00:00,93902.0,95742.0,92600.0,93466.0,151.51018241
2024-12-22 00:00:00+00:00,93491.0,93636.0,90342.0,91177.0,124.45560618
2024-12-23 00:00:00+00:00,91178.0,92750.0,88849.0,91099.0,338.65287275
2024-12-24 00:00:00+00:00,91141.0,95709.0,89880.0,94874.0,224.09908341
2024-12-25 00:00:00+00:00,94840.0,95705.0,93927.0,95603.0,105.39084517
2024-12-26 00:00:00+00:00,95602.0,96103.0,91409.0,91842.0,122.40039672
2024-12-27 00:00:00+00:00,91819.0,93674.0,89656.0,90391.0,287.75508939
2024-12-28 00:00:00+00:00,90382.0,91585.0,90208.0,91231.0,114.12100322
2024-12-29 00:00:00+00:00,91226.0,91288.0,89012.0,89671.0,184.82255571
2024-12-30 00:00:00+00:00,89663.0,91294.0,87871.0,89019.0,297.06386748
2024-12-31 00:00:00+00:00,89019.0,92646.0,88285.0,90143.0,271.44894698
2025-01-01 00:00:00+00:00,90128.0,91718.0,89635.0,91196.0,131.60403035
2025-01-02 00:00:00+00:00,91178.0,95318.0,91019.0,94398.0,285.38057656
2025-01-03 00:00:00+00:00,94400.0,96120.0,93397.0,95243.0,194.00408047
2025-01-04 00:00:00+00:00,95241.0,100000.0,94650.0,95299.0,194.230355
2025-01-05 00:00:00+00:00,95294.0,95917.0,94400.0,95456.0,101.31988875
2025-01-06 00:00:00+00:00,95463.0,98740.0,94865.0,98474.0,299.3752139
2025-01-07 00:00:00+00:00,98484.0,98939.0,92901.0,93752.0,313.50729597
2025-01-08 00:00:00+00:00,93790.0,94057.0,89858.0,92240.0,334.35216012
2025-01-09 00:00:00+00:00,92202.0,92450.0,88626.0,89950.0,385.58077202
2025-01-10 00:00:00+00:00,89997.0,93582.0,89883.0,92505.0,223.60763563
2025-01-11 00:00:00+00:00,92501.0,92693.0,91637.0,92258.0,56.69582952
2025-01-12 00:00:00+00:00,92249.0,93021.0,91466.0,92263.0,59.96062475
2025-01-13 00:00:00+00:00,92259.0,93600.0,87450.0,92107.0,373.83139
2025-01-14 00:00:00+00:00,92106.0,94924.0,92035.0,93691.0,217.1504728
2025-01-15 00:00:00+00:00,93703.0,97811.0,93624.0,97583.0,257.221587
2025-01-16 00:00:00+00:00,97580.0,97901.0,94701.0,97016.0,170.31059127
2025-01-17 00:00:00+00:00,97009.0,102919.0,96991.0,101120.0,411.91074577
2025-01-18 00:00:00+00:00,101127.0,101801.0,99193.0,101470.0,173.5809018
2025-01-19 00:00:00+00:00,101474.0,103600.0,97008.0,98511.0,322.26267659
2025-01-20 00:00:00+00:00,98511.0,105950.0,96733.0,98124.0,588.1002986
2025-01-21 00:00:00+00:00,98102.0,102899.0,96450.0,102022.0,256.39623072
2025-01-22 00:00:00+00:00,102013.0,102116.0,99218.0,99596.0,160.00595317
2025-01-23 00:00:00+00:00,99579.0,102700.0,97212.0,99806.0,266.71510769
2025-01-24 00:00:00+00:00,99802.0,102000.0,98490.0,99951.0,178.73483224
2025-01-25 00:00:00+00:00,99925.0,100400.0,99308.0,99882.0,66.50014515
2025-01-26 00:00:00+00:00,99877.0,100534.0,97949.0,98063.0,86.58326279
2025-01-27 00:00:00+00:00,97954.0,98695.0,93433.0,97822.0,485.32545124
2025-01-28 00:00:00+00:00,97791.0,99373.0,96060.0,97150.0,198.32010394
2025-01-29 00:00:00+00:00,97128.0,100581.0,97124.0,99509.0,165.71839826
2025-01-30 00:00:00+00:00,99491.0,101972.0,99100.0,100723.0,195.85658588
2025-01-31 00:00:00+00:00,100712.0,102021.0,97940.0,98887.0,163.02242714
2025-02-01 00:00:00+00:00,98851.0,99213.0,96965.0,97360.0,121.03929387
2025-02-02 00:00:00+00:00,97312.0,98147.0,93691.0,95394.0,405.4286985
2025-02-03 00:00:00+00:00,95358.0,99352.0,89558.0,98308.0,522.58730727
2025-02-04 00:00:00+00:00,98300.0,98700.0,92735.0,94404.0,438.20876837
2025-02-05 00:00:00+00:00,94341.0,95359.0,92510.0,92943.0,171.78991059
2025-02-06 00:00:00+00:00,92961.0,95728.0,92205.0,93055.0,186.7337652
2025-02-07 00:00:00+00:00,93030.0,96521.0,92658.0,93555.0,197.13581959
2025-02-08 00:00:00+00:00,93546.0,93907.0,92829.0,93539.0,51.84162551
2025-02-09 00:00:00+00:00,93539.0,94359.0,92031.0,93584.0,232.63571975
2025-02-10 00:00:00+00:00,93591.0,95292.0,92550.0,94623.0,131.98584546
2025-02-11 00:00:00+00:00,94614.0,95585.0,91520.0,92443.0,249.89797857
2025-02-12 00:00:00+00:00,92451.0,94480.0,91163.0,94216.0,135.87930064
2025-02-13 00:00:00+00:00,94191.0,94347.0,91095.0,92384.0,168.60903588
2025-02-14 00:00:00+00:00,92385.0,94139.0,91776.0,93004.0,135.34462864
2025-02-15 00:00:00+00:00,92995.0,93447.0,92744.0,93112.0,37.74740273
2025-02-16 00:00:00+00:00,93107.0,93251.0,91645.0,91699.0,57.74658317
2025-02-17 00:00:00+00:00,91682.0,92670.0,90887.0,91383.0,138.90599503
2025-02-18 00:00:00+00:00,91382.0,92552.0,89410.0,91498.0,187.99220955
2025-02-19 00:00:00+00:00,91498.0,92889.0,90915.0,92724.0,143.10986369
2025-02-20 00:00:00+00:00,92682.0,94086.0,92473.0,93658.0,131.06852092
2025-02-21 00:00:00+00:00,93663.0,94999.0,90668.0,91968.0,267.1741533
2025-02-22 00:00:00+00:00,91991.0,92756.0,91629.0,92350.0,32.85413888
2025-02-23 00:00:00+00:00,92346.0,92458.0,91098.0,91913.0,56.42431266
2025-02-24 00:00:00+00:00,91933.0,92100.0,87354.0,87559.0,206.93996158
2025-02-25 00:00:00+00:00,87480.0,88363.0,81706.0,84278.0,797.1321813
2025-02-26 00:00:00+00:00,84272.0,85064.0,78365.0,80155.0,432.29408804
2025-02-27 00:00:00+00:00,80198.0,83048.0,79439.0,81460.0,243.19931086
2025-02-28 00:00:00+00:00,81401.0,82033.0,75158.0,81347.0,582.27516126
2025-03-01 00:00:00+00:00,81289.0,83410.0,80781.0,83032.0,156.09859753
2025-03-02 00:00:00+00:00,83021.0,91906.0,82041.0,90596.0,482.00461252
2025-03-03 00:00:00+00:00,90596.0,90773.0,81173.0,82158.0,370.25603223
2025-03-04 00:00:00+00:00,82214.0,83793.0,77643.0,82163.0,354.77319455
2025-03-05 00:00:00+00:00,82163.0,84976.0,81376.0,83996.0,246.64336082
2025-03-06 00:00:00+00:00,83979.0,85911.0,81460.0,83410.0,285.72353527
2025-03-07 00:00:00+00:00,83409.0,84526.0,78588.0,80121.0,370.26595202
2025-03-08 00:00:00+00:00,80107.0,80209.0,78721.0,79587.0,105.47065718
2025-03-09 00:00:00+00:00,79602.0,79874.0,73700.0,74267.0,354.31747858
2025-03-10 00:00:00+00:00,74329.0,77527.0,71511.0,72459.0,631.25529008
2025-03-11 00:00:00+00:00,72534.0,76483.0,70666.0,75975.0,442.10463968
2025-03-12 00:00:00+00:00,75995.0,77422.0,73927.0,76888.0,233.99205962
2025-03-13 00:00:00+00:00,76883.0,78300.0,73594.0,74715.0,238.94499089
2025-03-14 00:00:00+00:00,74715.0,78468.0,74459.0,77208.0,214.64997461
2025-03-15 00:00:00+00:00,77228.0,77835.0,76900.0,77585.0,73.48760917
2025-03-16 00:00:00+00:00,77603.0,78224.0,75366.0,75910.0,122.61824251
2025-03-17 00:00:00+00:00,75910.0,77605.0,75668.0,76948.0,104.80018637
2025-03-18 00:00:00+00:00,76925.0,76933.0,74258.0,75632.0,128.97612932
2025-03-19 00:00:00+00:00,75596.0,79780.0,75504.0,79639.0,319.20832109
2025-03-20 00:00:00+00:00,79623.0,80124.0,77063.0,77566.0,146.15455444
2025-03-21 00:00:00+00:00,77563.0,78288.0,76782.0,77686.0,93.48357912
2025-03-22 00:00:00+00:00,77701.0,78158.0,77353.0,77498.0,32.74539488
2025-03-23 00:00:00+00:00,77492.0,79461.0,77463.0,79461.0,63.47378093
2025-03-24 00:00:00+00:00,79438.0,82050.0,79017.0,81009.0,213.04543108
2025-03-25 00:00:00+00:00,81008.0,82022.0,79927.0,81084.0,111.07123889
2025-03-26 00:00:00+00:00,81035.0,81857.0,79840.0,80902.0,132.52357775
2025-03-27 00:00:00+00:00,80915.0,81397.0,79551.0,80750.0,143.85471048
2025-03-28 00:00:00+00:00,80752.0,81015.0,77206.0,77951.0,138.63298667
2025-03-29 00:00:00+00:00,77951.0,78141.0,75413.0,76344.0,104.84888308
2025-03-30 00:00:00+00:00,76346.0,77200.0,75443.0,76089.0,110.41029888
2025-03-31 00:00:00+00:00,76118.0,77637.0,75043.0,76304.0,150.71957648
2025-04-01 00:00:00+00:00,76294.0,79221.0,76183.0,78885.0,177.59706869
2025-04-02 00:00:00+00:00,78883.0,81256.0,75620.0,75676.0,388.31613239
2025-04-03 00:00:00+00:00,75658.0,76879.0,73100.0,75259.0,339.78493449
2025-04-04 00:00:00+00:00,75300.0,77263.0,73914.0,76506.0,324.74997889
2025-04-05 00:00:00+00:00,76519.0,76826.0,75155.0,76218.0,38.84837522
2025-04-06 00:00:00+00:00,76177.0,76400.0,70048.0,71270.0,457.71484743
2025-04-07 00:00:00+00:00,71297.0,74117.0,67400.0,72495.0,755.09962571
2025-04-08 00:00:00+00:00,72516.0,73720.0,69389.0,69483.0,229.47314843
2025-04-09 00:00:00+00:00,69526.0,76300.0,67600.0,75435.0,524.73090033
2025-04-10 00:00:00+00:00,75438.0,75521.0,70059.0,70755.0,317.75297328
2025-04-11 00:00:00+00:00,70683.0,74515.0,69800.0,73403.0,451.75487239
2025-04-12 00:00:00+00:00,73414.0,75682.0,72889.0,75148.0,96.81546739
2025-04-13 00:00:00+00:00,75121.0,75795.0,73279.0,73817.0,156.65638474
2025-04-14 00:00:00+00:00,73839.0,75574.0,73636.0,74613.0,202.74901305
2025-04-15 00:00:00+00:00,74645.0,76410.0,74048.0,74072.0,186.36071709
2025-04-16 00:00:00+00:00,74083.0,75199.0,73067.0,73702.0,152.82227059
2025-04-17 00:00:00+00:00,73713.0,75249.0,73627.0,74663.0,93.70020573
2025-04-18 00:00:00+00:00,74701.0,74775.0,74042.0,74144.0,44.1454182
2025-04-19 00:00:00+00:00,74162.0,75146.0,74086.0,74671.0,43.32907608
2025-04-20 00:00:00+00:00,74666.0,74888.0,73726.0,74434.0,73.57481528
2025-04-21 00:00:00+00:00,74445.0,76909.0,74353.0,75991.0,113.3404174
2025-04-22 00:00:00+00:00,75985.0,82679.0,75847.0,82316.0,432.70387942
2025-04-23 00:00:00+00:00,82330.0,83213.0,80840.0,82618.0,267.99400944
2025-04-24 00:00:00+00:00,82719.0,82787.0,80613.0,82578.0,140.34886266
2025-04-25 00:00:00+00:00,82679.0,84309.0,81855.0,83375.0,154.47150442
2025-04-26 00:00:00+00:00,83344.0,83801.0,82669.0,83342.0,44.51550905
2025-04-27 00:00:00+00:00,83330.0,83928.0,82480.0,82634.0,56.12489271
2025-04-28 00:00:00+00:00,82655.0,84245.0,81787.0,83295.0,139.94331534
2025-04-29 00:00:00+00:00,83318.0,83906.0,82365.0,82801.0,95.56327304
2025-04-30 00:00:00+00:00,82776.0,83757.0,81765.0,83216.0,151.16563633
2025-05-01 00:00:00+00:00,83195.0,86342.0,83155.0,85433.0,120.54258031
2025-05-02 00:00:00+00:00,85431.0,86390.0,85045.0,85780.0,102.26670351
2025-05-03 00:00:00+00:00,85760.0,85782.0,84816.0,84939.0,44.36618722
2025-05-04 00:00:00+00:00,84890.0,85255.0,83183.0,83322.0,41.01674179
2025-05-05 00:00:00+00:00,83285.0,84138.0,82477.0,83782.0,118.81897212
2025-05-06 00:00:00+00:00,83757.0,85430.0,82099.0,85394.0,99.66904858
2025-05-07 00:00:00+00:00,85414.0,86214.0,84472.0,85805.0,118.58680825
2025-05-08 00:00:00+00:00,85837.0,92660.0,85640.0,91916.0,315.23321785
2025-05-09 00:00:00+00:00,91879.0,92674.0,90766.0,91469.0,138.0900547
2025-05-10 00:00:00+00:00,91470.0,93177.0,91335.0,93048.0,98.95532448
2025-05-11 00:00:00+00:00,93047.0,93173.0,91824.0,92673.0,96.69539307
2025-05-12 00:00:00+00:00,92705.0,94867.0,90885.0,92654.0,173.26154948
2025-05-13 00:00:00+00:00,92604.0,93834.0,91368.0,93070.0,125.685097
2025-05-14 00:00:00+00:00,93078.0,93078.0,91558.0,92565.0,110.30069846
2025-05-15 00:00:00+00:00,92559.0,93245.0,90626.0,92701.0,152.0303469
2025-05-16 00:00:00+00:00,92726.0,93837.0,92068.0,92642.0,111.28763773
2025-05-17 00:00:00+00:00,92654.0,92900.0,91922.0,92441.0,44.18134143
2025-05-18 00:00:00+00:00,92381.0,95265.0,92365.0,95112.0,129.74105784
2025-05-19 00:00:00+00:00,95107.0,95658.0,90700.0,94074.0,185.08900848
2025-05-20 00:00:00+00:00,93990.0,95105.0,92690.0,94658.0,158.8575635
2025-05-21 00:00:00+00:00,94652.0,97741.0,93524.0,96746.0,300.23148466
2025-05-22 00:00:00+00:00,96744.0,99380.0,96390.0,98935.0,344.82952112
2025-05-23 00:00:00+00:00,98952.0,98986.0,94017.0,94428.0,219.14364933
2025-05-24 00:00:00+00:00,94440.0,96360.0,94194.0,94910.0,69.49196091
2025-05-25 00:00:00+00:00,94883.0,96132.0,93500.0,95890.0,87.31423521
2025-05-26 00:00:00+00:00,95873.0,97045.0,95558.0,96069.0,105.86106778
2025-05-27 00:00:00+00:00,96106.0,97500.0,94310.0,96133.0,165.61408108
2025-05-28 00:00:00+00:00,96090.0,96561.0,94590.0,95955.0,129.83392196
2025-05-29 00:00:00+00:00,95961.0,96561.0,92604.0,92829.0,199.73787791
2025-05-30 00:00:00+00:00,92815.0,93735.0,91389.0,91692.0,255.40853014
2025-05-31 00:00:00+00:00,91701.0,92576.0,90926.0,92302.0,70.45855346
2025-06-01 00:00:00+00:00,92297.0,93264.0,91579.0,93089.0,106.16155251
2025-06-02 00:00:00+00:00,93135.0,93135.0,90728.0,92474.0,248.55373221
2025-06-03 00:00:00+00:00,92494.0,93928.0,91939.0,92621.0,83.73568247
2025-06-04 00:00:00+00:00,92637.0,93164.0,91269.0,91725.0,141.47128167
2025-06-05 00:00:00+00:00,91713.0,92713.0,87742.0,88696.0,338.08728569
2025-06-06 00:00:00+00:00,88710.0,92570.0,88340.0,91609.0,178.39312681
2025-06-07 00:00:00+00:00,91619.0,92970.0,91282.0,92680.0,80.6125222
2025-06-08 00:00:00+00:00,92678.0,93450.0,92224.0,92744.0,64.01362369
2025-06-09 00:00:00+00:00,92738.0,96798.0,92290.0,96492.0,151.20529355
2025-06-10 00:00:00+00:00,96516.0,96563.0,94905.0,96423.0,137.46828701
2025-06-11 00:00:00+00:00,96414.0,96430.0,94023.0,94431.0,130.84932617
2025-06-12 00:00:00+00:00,94427.0,94601.0,91085.0,91113.0,163.66059686
2025-06-13 00:00:00+00:00,91084.0,91997.0,89059.0,91907.0,292.97581439
2025-06-14 00:00:00+00:00,91901.0,92030.0,90401.0,91356.0,42.60577509
2025-06-15 00:00:00+00:00,91350.0,91956.0,90614.0,91485.0,98.93895179
2025-06-16 00:00:00+00:00,91525.0,94261.0,90988.0,92437.0,179.81211075
2025-06-17 00:00:00+00:00,92467.0,93215.0,89891.0,91033.0,130.02246706
2025-06-18 00:00:00+00:00,91051.0,91769.0,90155.0,91385.0,142.46605092
2025-06-19 00:00:00+00:00,91424.0,91762.0,90579.0,90925.0,61.23744631
2025-06-20 00:00:00+00:00,90898.0,92470.0,88702.0,89664.0,153.12643234
2025-06-21 00:00:00+00:00,89659.0,90318.0,87666.0,88706.0,72.38079265
2025-06-22 00:00:00+00:00,88778.0,89785.0,85437.0,87839.0,259.42314652
2025-06-23 00:00:00+00:00,87803.0,91462.0,86522.0,90892.0,215.13537105
2025-06-24 00:00:00+00:00,90906.0,91506.0,90325.0,91331.0,222.15295562
2025-06-25 00:00:00+00:00,91399.0,93240.0,91109.0,91884.0,114.19679308
2025-06-26 00:00:00+00:00,91931.0,92599.0,91150.0,91498.0,136.53884135
2025-06-27 00:00:00+00:00,91490.0,92068.0,90765.0,91436.0,106.76490693
2025-06-28 00:00:00+00:00,91442.0,91846.0,91273.0,91635.0,30.91831765
2025-06-29 00:00:00+00:00,91635.0,92611.0,91525.0,92426.0,96.77637315
2025-06-30 00:00:00+00:00,92437.0,92836.0,90800.0,90889.0,154.33602667
2025-07-01 00:00:00+00:00,90926.0,91196.0,89312.0,89554.0,131.16374099
2025-07-02 00:00:00+00:00,89524.0,93070.0,89074.0,92274.0,119.9209553
2025-07-03 00:00:00+00:00,92274.0,93934.0,92025.0,93173.0,112.82039483
2025-07-04 00:00:00+00:00,93171.0,93300.0,91140.0,91794.0,91.53159155
2025-07-05 00:00:00+00:00,91794.0,92081.0,91625.0,91972.0,33.61853342
2025-07-06 00:00:00+00:00,91971.0,93136.0,91616.0,92720.0,36.42453013
2025-07-07 00:00:00+00:00,92729.0,93189.0,91891.0,92277.0,53.67127115
2025-07-08 00:00:00+00:00,92277.0,93300.0,91530.0,92946.0,131.26678445
2025-07-09 00:00:00+00:00,92946.0,95535.0,92577.0,94929.0,187.7571125
2025-07-10 00:00:00+00:00,94810.0,99730.0,94463.0,98878.0,226.68606913
2025-07-11 00:00:00+00:00,98914.0,101200.0,98419.0,100090.0,394.94904701
2025-07-12 00:00:00+00:00,100090.0,100647.0,99477.0,99908.0,113.67429696
2025-07-13 00:00:00+00:00,99945.0,101725.0,99000.0,101613.0,139.23875787
2025-07-14 00:00:00+00:00,101634.0,104589.0,101378.0,102633.0,355.43296208
2025-07-15 00:00:00+00:00,102633.0,102633.0,99444.0,101408.0,249.24135736
2025-07-16 00:00:00+00:00,101406.0,103186.0,100800.0,101996.0,182.58172423
2025-07-17 00:00:00+00:00,101965.0,104206.0,101270.0,102562.0,167.61530943
2025-07-18 00:00:00+00:00,102566.0,103919.0,100480.0,101421.0,143.51957564
2025-07-19 00:00:00+00:00,101432.0,101923.0,100892.0,101369.0,36.22508539
2025-07-20 00:00:00+00:00,101369.0,102123.0,100079.0,100834.0,53.1539617
2025-07-21 00:00:00+00:00,100829.0,102721.0,99800.0,100430.0,134.9618065
2025-07-22 00:00:00+00:00,100392.0,102334.0,99430.0,102171.0,114.83395428
2025-07-23 00:00:00+00:00,102171.0,102321.0,99720.0,100912.0,99.53656547
2025-07-24 00:00:00+00:00,100881.0,101574.0,99607.0,100655.0,130.88091001
2025-07-25 00:00:00+00:00,100655.0,100714.0,97658.0,100131.0,337.77062826
2025-07-26 00:00:00+00:00,100144.0,100731.0,99759.0,100381.0,62.08905523
2025-07-27 00:00:00+00:00,100400.0,101879.0,100326.0,101588.0,87.21757332
2025-07-28 00:00:00+00:00,101595.0,102333.0,101209.0,101587.0,105.80156937
2025-07-29 00:00:00+00:00,101808.0,103325.0,101296.0,102105.0,113.73232547
2025-07-30 00:00:00+00:00,102105.0,103414.0,101324.0,103081.0,110.85955825
2025-07-31 00:00:00+00:00,103077.0,103999.0,101186.0,101390.0,127.38037476
2025-08-01 00:00:00+00:00,101361.0,101696.0,97257.0,97889.0,458.03406219
2025-08-02 00:00:00+00:00,97800.0,98569.0,96786.0,97217.0,79.94450045
2025-08-03 00:00:00+00:00,97222.0,99266.0,96671.0,98668.0,54.32845021
2025-08-04 00:00:00+00:00,98654.0,100049.0,98500.0,99414.0,232.74020427
2025-08-05 00:00:00+00:00,99351.0,99742.0,97380.0,98572.0,265.86170785
2025-08-06 00:00:00+00:00,98566.0,99295.0,97739.0,98632.0,211.62272581
2025-08-07 00:00:00+00:00,98624.0,100939.0,97930.0,100630.0,127.67790153
2025-08-08 00:00:00+00:00,100630.0,100817.0,99395.0,100148.0,73.43838766
2025-08-09 00:00:00+00:00,100148.0,101053.0,99551.0,99660.0,57.34457883
2025-08-10 00:00:00+00:00,99657.0,102341.0,99657.0,102341.0,62.03189486
2025-08-11 00:00:00+00:00,102319.0,104714.0,101650.0,102169.0,259.44610144
2025-08-12 00:00:00+00:00,102180.0,102974.0,101789.0,102848.0,136.36031552
2025-08-13 00:00:00+00:00,102723.0,105353.0,101762.0,105135.0,175.56551976
2025-08-14 00:00:00+00:00,105150.0,105950.0,100750.0,101621.0,336.5620902
2025-08-15 00:00:00+00:00,101621.0,102351.0,99881.0,100406.0,173.4529011
2025-08-16 00:00:00+00:00,100422.0,100887.0,100305.0,100506.0,68.49545704
2025-08-17 00:00:00+00:00,100506.0,101442.0,100305.0,100353.0,79.55131078
2025-08-18 00:00:00+00:00,100340.0,100500.0,98201.0,99673.0,166.1312525
2025-08-19 00:00:00+00:00,99688.0,100144.0,96820.0,96933.0,291.9353697
2025-08-20 00:00:00+00:00,96940.0,98371.0,96413.0,98081.0,275.24763971
2025-08-21 00:00:00+00:00,98034.0,98546.0,96498.0,96855.0,244.54020445
2025-08-22 00:00:00+00:00,96849.0,100110.0,96169.0,99335.0,317.79835795
2025-08-23 00:00:00+00:00,99335.0,99349.0,97267.0,97954.0,93.72130292
2025-08-24 00:00:00+00:00,97954.0,98159.0,94200.0,96821.0,105.51830338
2025-08-25 00:00:00+00:00,96826.0,97066.0,93900.0,94851.0,308.80640469
2025-08-26 00:00:00+00:00,94786.0,96564.0,93365.0,96051.0,498.28920095
2025-08-27 00:00:00+00:00,96079.0,97191.0,95271.0,95507.0,252.40544936
2025-08-28 00:00:00+00:00,95523.0,97411.0,95231.0,96347.0,139.77871915
2025-08-29 00:00:00+00:00,96379.0,96404.0,92048.0,92786.0,250.01929082
2025-08-30 00:00:00+00:00,92798.0,93280.0,91977.0,93195.0,65.21628831
2025-08-31 00:00:00+00:00,93195.0,93735.0,92496.0,92611.0,57.25495871
2025-09-01 00:00:00+00:00,92609.0,93727.0,91596.0,93184.0,282.19950976
2025-09-02 00:00:00+00:00,93269.0,95833.0,93052.0,95613.0,206.49338803
2025-09-03 00:00:00+00:00,95609.0,96513.0,95057.0,95812.0,145.72390658
2025-09-04 00:00:00+00:00,95833.0,96243.0,93948.0,94989.0,136.71204498
2025-09-05 00:00:00+00:00,94996.0,97000.0,94012.0,94471.0,198.70708338
2025-09-06 00:00:00+00:00,94471.0,95020.0,93911.0,94105.0,36.94595756
2025-09-07 00:00:00+00:00,94108.0,95301.0,94107.0,94922.0,45.60077128
2025-09-08 00:00:00+00:00,94894.0,96112.0,94492.0,95210.0,159.05501817
2025-09-09 00:00:00+00:00,95239.0,96295.0,94411.0,95306.0,153.55426494
2025-09-10 00:00:00+00:00,95325.0,97544.0,94846.0,97384.0,157.17645652
2025-09-11 00:00:00+00:00,97377.0,98450.0,96777.0,98450.0,187.49616059
2025-09-12 00:00:00+00:00,98459.0,99518.0,97951.0,98857.0,170.38542756
2025-09-13 00:00:00+00:00,98860.0,99042.0,97850.0,98541.0,50.10177609
2025-09-14 00:00:00+00:00,98541.0,98930.0,97907.0,98376.0,53.78225583
2025-09-15 00:00:00+00:00,98265.0,99577.0,97257.0,98119.0,180.11410252
2025-09-16 00:00:00+00:00,98119.0,98660.0,97032.0,98391.0,221.65117603
2025-09-17 00:00:00+00:00,98422.0,99097.0,96777.0,98480.0,333.5964653
2025-09-18 00:00:00+00:00,98502.0,100145.0,98281.0,99392.0,434.67177368
2025-09-19 00:00:00+00:00,99393.0,99702.0,98043.0,98548.0,208.01580745
2025-09-20 00:00:00+00:00,98521.0,98996.0,98366.0,98621.0,59.6821317
2025-09-21 00:00:00+00:00,98621.0,98688.0,98167.0,98261.0,61.84816166
2025-09-22 00:00:00+00:00,98261.0,98384.0,94121.0,95596.0,381.9153
2025-09-23 00:00:00+00:00,95500.0,96073.0,94438.0,94832.0,135.10478283
2025-09-24 00:00:00+00:00,94832.0,97150.0,94205.0,96539.0,105.11089427
2025-09-25 00:00:00+00:00,96543.0,96698.0,93216.0,93428.0,162.5732069
2025-09-26 00:00:00+00:00,93509.0,94366.0,93093.0,93799.0,157.94489843
2025-09-27 00:00:00+00:00,93799.0,93874.0,93329.0,93802.0,65.57957193
2025-09-28 00:00:00+00:00,93809.0,96050.0,93388.0,95913.0,118.56135124
2025-09-29 00:00:00+00:00,95894.0,97630.0,95145.0,97547.0,121.63473592
2025-09-30 00:00:00+00:00,97547.0,98000.0,95925.0,97159.0,150.76781095
2025-10-01 00:00:00+00:00,97210.0,101111.0,97103.0,101072.0,265.83455006
2025-10-02 00:00:00+00:00,101103.0,103236.0,100745.0,102839.0,258.41918889
2025-10-03 00:00:00+00:00,102835.0,105479.0,101632.0,104011.0,504.28210827
2025-10-04 00:00:00+00:00,104021.0,104554.0,103167.0,103998.0,133.88490341
2025-10-05 00:00:00+00:00,103998.0,106293.0,103577.0,105049.0,225.1392196
2025-10-06 00:00:00+00:00,105060.0,107544.0,104844.0,106307.0,378.81982751
2025-10-07 00:00:00+00:00,106303.0,107274.0,103409.0,104167.0,384.01232679
2025-10-08 00:00:00+00:00,104152.0,107022.0,104152.0,106067.0,462.24784731
2025-10-09 00:00:00+00:00,106057.0,106600.0,103591.0,105172.0,354.43972458
2025-10-10 00:00:00+00:00,105219.0,105977.0,94000.0,98240.0,467.89609126
2025-10-11 00:00:00+00:00,98238.0,98745.0,95498.0,96544.0,339.32340171
2025-10-12 00:00:00+00:00,96517.0,100000.0,95500.0,99241.0,240.36184057
2025-10-13 00:00:00+00:00,99222.0,100292.0,98267.0,99676.0,130.34993084
2025-10-14 00:00:00+00:00,99705.0,99940.0,95128.0,97521.0,158.04267518
2025-10-15 00:00:00+00:00,97521.0,97856.0,94777.0,95132.0,149.64628209
2025-10-16 00:00:00+00:00,95159.0,96133.0,92000.0,92519.0,273.18679369
2025-10-17 00:00:00+00:00,92519.0,93335.0,88541.0,91430.0,364.77601818
2025-10-18 00:00:00+00:00,91437.0,92379.0,91348.0,92104.0,149.40977316
2025-10-19 00:00:00+00:00,92069.0,94100.0,91154.0,93275.0,153.15899172
2025-10-20 00:00:00+00:00,93248.0,95837.0,92244.0,94955.0,183.06352758
2025-10-21 00:00:00+00:00,94931.0,98159.0,92421.0,93410.0,194.74526953
2025-10-22 00:00:00+00:00,93310.0,94033.0,91933.0,92775.0,199.25608177
2025-10-23 00:00:00+00:00,92657.0,95890.0,92657.0,94761.0,111.72450988
2025-10-24 00:00:00+00:00,94767.0,96300.0,94365.0,95463.0,138.99823767
2025-10-25 00:00:00+00:00,95484.0,96245.0,95219.0,96019.0,71.31073349
2025-10-26 00:00:00+00:00,96007.0,99111.0,95691.0,98417.0,79.54544294
2025-10-27 00:00:00+00:00,98445.0,100019.0,97701.0,97924.0,112.53537398
2025-10-28 00:00:00+00:00,97891.0,99619.0,96366.0,96907.0,88.53589327
2025-10-29 00:00:00+00:00,96907.0,97711.0,94300.0,94862.0,109.0839473
2025-10-30 00:00:00+00:00,94830.0,96084.0,91948.0,93620.0,116.69117391
2025-10-31 00:00:00+00:00,93609.0,96342.0,93609.0,94885.0,95.54902085
2025-11-01 00:00:00+00:00,94888.0,95710.0,94752.0,95274.0,40.84916983
2025-11-02 00:00:00+00:00,95262.0,96250.0,94890.0,95839.0,60.88956244
2025-11-03 00:00:00+00:00,95838.0,95999.0,91324.0,92505.0,166.18293493
2025-11-04 00:00:00+00:00,92526.0,93205.0,86158.0,88376.0,446.82785512
2025-11-05 00:00:00+00:00,88375.0,91073.0,86107.0,90388.0,152.87509628
2025-11-06 00:00:00+00:00,90360.0,90535.0,86898.0,87716.0,115.52141523
2025-11-07 00:00:00+00:00,87723.0,89953.0,85766.0,89274.0,257.59058281
2025-11-08 00:00:00+00:00,89274.0,89339.0,87695.0,88401.0,155.19169978
2025-11-09 00:00:00+00:00,88399.0,91220.0,87592.0,90687.0,157.13530609
2025-11-10 00:00:00+00:00,90658.0,92242.0,90280.0,91713.0,122.42078429
2025-11-11 00:00:00+00:00,91713.0,92970.0,88461.0,88915.0,131.35039576
2025-11-12 00:00:00+00:00,88937.0,90975.0,87056.0,87709.0,180.67601311
2025-11-13 00:00:00+00:00,87709.0,89777.0,84205.0,85748.0,228.49817334
2025-11-14 00:00:00+00:00,85660.0,85817.0,80876.0,81332.0,339.79461364
2025-11-15 00:00:00+00:00,81337.0,83228.0,81337.0,82242.0,163.33117042
2025-11-16 00:00:00+00:00,82263.0,83110.0,79886.0,81024.0,293.58734856
2025-11-17 00:00:00+00:00,81040.0,82766.0,78674.0,79369.0,285.52775079
2025-11-18 00:00:00+00:00,79343.0,80998.0,76859.0,80230.0,242.83150397
2025-11-19 00:00:00+00:00,80223.0,80223.0,76798.0,79275.0,199.80335694
2025-11-20 00:00:00+00:00,79262.0,80796.0,74378.0,75010.0,319.01177026
2025-11-21 00:00:00+00:00,75005.0,75774.0,70020.0,73923.0,641.40990654
2025-11-22 00:00:00+00:00,73908.0,74237.0,72565.0,73561.0,162.26439985
2025-11-23 00:00:00+00:00,73593.0,76646.0,73588.0,75451.0,405.98656999
2025-11-24 00:00:00+00:00,75468.0,77420.0,73953.0,76661.0,250.54439617
2025-11-25 00:00:00+00:00,76661.0,76832.0,74424.0,75523.0,160.72005668
2025-11-26 00:00:00+00:00,75528.0,78185.0,74636.0,78039.0,137.22447164
2025-11-27 00:00:00+00:00,78002.0,79450.0,77693.0,78751.0,183.94237211
2025-11-28 00:00:00+00:00,78748.0,80499.0,77862.0,78433.0,237.31374894
2025-11-29 00:00:00+00:00,78433.0,78685.0,77852.0,78361.0,74.30422276
2025-11-30 00:00:00+00:00,78366.0,79385.0,77908.0,77916.0,75.23743763
2025-12-01 00:00:00+00:00,77908.0,77967.0,72117.0,74399.0,269.04418405
2025-12-02 00:00:00+00:00,74341.0,79493.0,74265.0,78511.0,185.52348653
2025-12-03 00:00:00+00:00,78513.0,80700.0,78267.0,80113.0,213.31124451
2025-12-04 00:00:00+00:00,80105.0,80626.0,78030.0,79117.0,95.08473167
2025-12-05 00:00:00+00:00,79109.0,79570.0,75774.0,76830.0,297.66228911
2025-12-06 00:00:00+00:00,76793.0,77601.0,76488.0,76752.0,103.52832376
2025-12-07 00:00:00+00:00,76732.0,78871.0,75437.0,77718.0,142.82310314
2025-12-08 00:00:00+00:00,77718.0,79181.0,77142.0,77884.0,140.69023998
2025-12-09 00:00:00+00:00,77855.0,81282.0,76868.0,79686.0,164.30785176
2025-12-10 00:00:00+00:00,79657.0,80814.0,78500.0,78637.0,203.9966094
2025-12-11 00:00:00+00:00,78614.0,79716.0,76029.0,78811.0,171.09698238
2025-12-12 00:00:00+00:00,78827.0,79031.0,76360.0,76959.0,123.25005346
2025-12-13 00:00:00+00:00,76959.0,77259.0,76525.0,76927.0,50.57436112
2025-12-14 00:00:00+00:00,76921.0,77115.0,74655.0,75162.0,212.45433656
2025-12-15 00:00:00+00:00,75158.0,76716.0,72524.0,73541.0,173.41406136
2025-12-16 00:00:00+00:00,73549.0,74889.0,72571.0,74736.0,278.88306039
2025-12-17 00:00:00+00:00,74771.0,76901.0,72624.0,73427.0,153.67519791
2025-12-18 00:00:00+00:00,73414.0,76128.0,72005.0,72906.0,271.94987851
2025-12-19 00:00:00+00:00,72895.0,76197.0,72560.0,75223.0,154.10941958
2025-12-20 00:00:00+00:00,75222.0,75574.0,74959.0,75456.0,39.29420562
2025-12-21 00:00:00+00:00,75434.0,76042.0,74803.0,75668.0,71.15830049
2025-12-22 00:00:00+00:00,75678.0,77140.0,74786.0,75224.0,181.67198131
2025-12-23 00:00:00+00:00,75290.0,75515.0,73545.0,74119.0,192.73204503
2025-12-24 00:00:00+00:00,74125.0,74702.0,73323.0,74396.0,86.89245182
2025-12-25 00:00:00+00:00,74396.0,75106.0,73811.0,74016.0,73.17824775
2025-12-26 00:00:00+00:00,74004.0,76000.0,73487.0,74172.0,111.45747128
2025-12-27 00:00:00+00:00,74173.0,74645.0,74061.0,74537.0,58.61966858
2025-12-28 00:00:00+00:00,74563.0,74730.0,74118.0,74618.0,102.35832979
2025-12-29 00:00:00+00:00,74624.0,76665.0,72980.0,74021.0,249.30567283
2025-12-30 00:00:00+00:00,74008.0,75943.0,73692.0,75270.0,155.4747198
2025-12-31 00:00:00+00:00,75270.0,75823.0,74088.0,74465.0,219.6094487
2026-01-01 00:00:00+00:00,74459.0,75582.0,74366.0,75509.0,110.54519199
2026-01-02 00:00:00+00:00,75525.0,77515.0,75075.0,76784.0,202.69045806
2026-01-03 00:00:00+00:00,76781.0,77429.0,76220.0,77360.0,66.99406625
2026-01-04 00:00:00+00:00,77362.0,78342.0,77362.0,78181.0,133.28131122
2026-01-05 00:00:00+00:00,78181.0,80888.0,78163.0,80161.0,198.30272835
2026-01-06 00:00:00+00:00,80161.0,80700.0,77962.0,80207.0,198.80497558
2026-01-07 00:00:00+00:00,80207.0,80207.0,77599.0,78190.0,90.26211273
2026-01-08 00:00:00+00:00,78189.0,78462.0,76540.0,78110.0,89.90820839
2026-01-09 00:00:00+00:00,78110.0,79032.0,76958.0,77804.0,97.97317122
2026-01-10 00:00:00+00:00,77800.0,78026.0,77643.0,77737.0,34.10076174
2026-01-11 00:00:00+00:00,77759.0,78336.0,77500.0,78226.0,75.42934895
2026-01-12 00:00:00+00:00,78133.0,79252.0,77090.0,78135.0,86.61801576
2026-01-13 00:00:00+00:00,78166.0,82731.0,78042.0,81900.0,168.92207042
2026-01-14 00:00:00+00:00,81909.0,84139.0,81127.0,83261.0,171.69293807
2026-01-15 00:00:00+00:00,83261.0,83695.0,81932.0,82354.0,109.48562952
2026-01-16 00:00:00+00:00,82354.0,82550.0,81320.0,82371.0,96.26963698
2026-01-17 00:00:00+00:00,82359.0,82500.0,81968.0,82078.0,36.17998011
2026-01-18 00:00:00+00:00,82094.0,82442.0,80556.0,80561.0,80.94132308
2026-01-19 00:00:00+00:00,80527.0,80527.0,79100.0,79525.0,101.13291623
2026-01-20 00:00:00+00:00,79525.0,79742.0,74888.0,75336.0,260.48240295
2026-01-21 00:00:00+00:00,75288.0,77372.0,74488.0,76597.0,211.84324211
2026-01-22 00:00:00+00:00,76581.0,77249.0,75420.0,76111.0,124.60051945
2026-01-23 00:00:00+00:00,76128.0,77313.0,75326.0,75693.0,134.74039945
2026-01-24 00:00:00+00:00,75698.0,75960.0,75318.0,75362.0,33.08851643
2026-01-25 00:00:00+00:00,75361.0,75446.0,72368.0,73042.0,354.66603384
2026-01-26 00:00:00+00:00,73008.0,74777.0,72895.0,74355.0,171.36865469
2026-01-27 00:00:00+00:00,74329.0,74804.0,72805.0,74152.0,183.87759222
2026-01-28 00:00:00+00:00,74147.0,75804.0,73969.0,74457.0,216.45895489
2026-01-29 00:00:00+00:00,74470.0,74482.0,69620.0,70691.0,409.28361016
2026-01-30 00:00:00+00:00,70634.0,71178.0,68080.0,71011.0,540.78607002
2026-01-31 00:00:00+00:00,71011.0,71021.0,63822.0,66604.0,715.69989931
2026-02-01 00:00:00+00:00,66566.0,67146.0,63925.0,64923.0,692.21043883
2026-02-02 00:00:00+00:00,64923.0,67201.0,62825.0,66689.0,568.6742647
2026-02-03 00:00:00+00:00,66699.0,67052.0,61740.0,64054.0,797.95741284
2026-02-04 00:00:00+00:00,64045.0,65050.0,60772.0,61883.0,566.2121547
2026-02-05 00:00:00+00:00,61872.0,61970.0,52845.0,53350.0,941.36299476
2026-02-06 00:00:00+00:00,53342.0,60777.0,51008.0,59803.0,765.59126192
2026-02-07 00:00:00+00:00,59800.0,60691.0,57098.0,58757.0,296.52799729
2026-02-08 00:00:00+00:00,58763.0,61196.0,58401.0,59517.0,273.88744221
2026-02-09 00:00:00+00:00,59517.0,60395.0,57333.0,58897.0,238.21048426
2026-02-10 00:00:00+00:00,58904.0,59193.0,55000.0,57882.0,465.09739133
2026-02-11 00:00:00+00:00,57882.0,58205.0,55431.0,56444.0,542.6701163
2026-02-12 00:00:00+00:00,56484.0,57548.0,54898.0,55789.0,298.13431844
2026-02-13 00:00:00+00:00,55722.0,58490.0,55487.0,58015.0,309.13758243
2026-02-14 00:00:00+00:00,58002.0,59543.0,57927.0,58882.0,268.51142558
2026-02-15 00:00:00+00:00,58877.0,59937.0,57352.0,58006.0,352.33777752
2026-02-16 00:00:00+00:00,58006.0,59112.0,56766.0,58126.0,152.12526491
2026-02-17 00:00:00+00:00,58121.0,58426.0,56428.0,56947.0,199.19900479
2026-02-18 00:00:00+00:00,56951.0,57854.0,55881.0,56372.0,230.21876391
2026-02-19 00:00:00+00:00,56368.0,57080.0,55869.0,56897.0,170.28001309
2026-02-20 00:00:00+00:00,56889.0,58062.0,56476.0,57706.0,338.80688476
2026-02-21 00:00:00+00:00,57700.0,58300.0,57290.0,57714.0,63.9278624
2026-02-22 00:00:00+00:00,57688.0,57926.0,57040.0,57195.0,103.39847604
2026-02-23 00:00:00+00:00,57159.0,57201.0,54200.0,54760.0,281.45624844
2026-02-24 00:00:00+00:00,54814.0,55121.0,53116.0,54419.0,244.43140713
2026-02-25 00:00:00+00:00,54419.0,59263.0,54310.0,57536.0,272.01047558
2026-02-26 00:00:00+00:00,57558.0,58257.0,56436.0,57178.0,195.05909803
2026-02-27 00:00:00+00:00,57179.0,57802.0,55001.0,55811.0,157.38931367
2026-02-28 00:00:00+00:00,55781.0,57385.0,53452.0,56793.0,272.66243375
2026-03-01 00:00:00+00:00,56770.0,57777.0,55229.0,55943.0,277.49554532
2026-03-02 00:00:00+00:00,55948.0,59988.0,55800.0,58831.0,283.16765786
2026-03-03 00:00:00+00:00,58861.0,59500.0,57134.0,58802.0,306.2433288
2026-03-04 00:00:00+00:00,58862.0,63715.0,58134.0,62485.0,313.4511992
2026-03-05 00:00:00+00:00,62485.0,63396.0,61015.0,61120.0,281.78003632
2026-03-06 00:00:00+00:00,61107.0,61433.0,58444.0,58688.0,283.50538467
2026-03-07 00:00:00+00:00,58688.0,59044.0,57726.0,58034.0,149.77778987
2026-03-08 00:00:00+00:00,58021.0,58817.0,56888.0,57279.0,238.80005458
2026-03-09 00:00:00+00:00,57268.0,60106.0,57200.0,58951.0,215.19356607
2026-03-10 00:00:00+00:00,58913.0,61623.0,58913.0,60248.0,222.27384398
2026-03-11 00:00:00+00:00,60267.0,61647.0,59523.0,60813.0,128.03257405
2026-03-12 00:00:00+00:00,60845.0,61408.0,59986.0,61225.0,128.97372819
2026-03-13 00:00:00+00:00,61203.0,64400.0,61109.0,62139.0,277.96053704
2026-03-14 00:00:00+00:00,62039.0,62451.0,61641.0,62438.0,76.59045665
2026-03-15 00:00:00+00:00,62437.0,64054.0,62138.0,63701.0,118.22622663
2026-03-16 00:00:00+00:00,63723.0,65157.0,63183.0,65112.0,159.06208088
2026-03-17 00:00:00+00:00,65095.0,66135.0,63692.0,64104.0,165.10426456
2026-03-18 00:00:00+00:00,64091.0,64762.0,61480.0,62171.0,162.28726402
2026-03-19 00:00:00+00:00,62171.0,62363.0,59804.0,60406.0,160.12715527
2026-03-20 00:00:00+00:00,60406.0,61673.0,60066.0,60943.0,142.27257608
2026-03-21 00:00:00+00:00,60935.0,61439.0,59333.0,59596.0,60.2926005
2026-03-22 00:00:00+00:00,59546.0,60145.0,58414.0,58703.0,133.32093705
2026-03-23 00:00:00+00:00,58707.0,61888.0,58419.0,61090.0,204.49571773
2026-03-24 00:00:00+00:00,61073.0,61534.0,59577.0,60721.0,146.37255471
2026-03-25 00:00:00+00:00,60743.0,62105.0,60666.0,61702.0,164.75464575
2026-03-26 00:00:00+00:00,61677.0,61769.0,59108.0,59655.0,154.80818896
2026-03-27 00:00:00+00:00,59635.0,59929.0,56949.0,57672.0,217.17266855
2026-03-28 00:00:00+00:00,57655.0,58485.0,57301.0,57690.0,79.48576744
2026-03-29 00:00:00+00:00,57699.0,58338.0,56577.0,57437.0,83.04628956
2026-03-30 00:00:00+00:00,57459.0,59294.0,57246.0,58240.0,147.94560343
2026-03-31 00:00:00+00:00,58265.0,59562.0,57523.0,58952.0,180.42981047
2026-04-01 00:00:00+00:00,58954.0,59800.0,58395.0,58778.0,127.21415714
2026-04-02 00:00:00+00:00,58775.0,59206.0,57035.0,57978.0,115.91237543
2026-04-03 00:00:00+00:00,58002.0,58452.0,57498.0,58138.0,86.98322142
2026-04-04 00:00:00+00:00,58124.0,58650.0,58008.0,58449.0,25.59913626
2026-04-05 00:00:00+00:00,58437.0,60052.0,57864.0,59946.0,65.29078176
2026-04-06 00:00:00+00:00,59959.0,60922.0,59199.0,59647.0,170.81741767
2026-04-07 00:00:00+00:00,59667.0,62286.0,58577.0,61599.0,170.92097297
2026-04-08 00:00:00+00:00,61536.0,62204.0,60491.0,61013.0,161.01916825
2026-04-09 00:00:00+00:00,60972.0,62525.0,60381.0,61441.0,138.01835427
2026-04-10 00:00:00+00:00,61437.0,62639.0,61162.0,62252.0,95.69326041
2026-04-11 00:00:00+00:00,62257.0,63004.0,61955.0,62348.0,57.6826864
2026-04-12 00:00:00+00:00,62337.0,62438.0,60339.0,60618.0,97.66633992
2026-04-13 00:00:00+00:00,60571.0,63680.0,60411.0,63306.0,138.10590491
2026-04-14 00:00:00+00:00,63260.0,64670.0,62637.0,62872.0,147.57534633
2026-04-15 00:00:00+00:00,62864.0,63900.0,62329.0,63374.0,98.62820016
2026-04-16 00:00:00+00:00,63372.0,64101.0,62285.0,63816.0,108.01901382
2026-04-17 00:00:00+00:00,63800.0,66395.0,63315.0,65553.0,213.71128435
2026-04-18 00:00:00+00:00,65525.0,65803.0,64190.0,64398.0,60.196356
2026-04-19 00:00:00+00:00,64387.0,64911.0,62888.0,62915.0,88.8439782
2026-04-20 00:00:00+00:00,62910.0,64977.0,62866.0,64404.0,96.72001583
2026-04-21 00:00:00+00:00,64404.0,65384.0,63850.0,65010.0,193.59063683
2026-04-22 00:00:00+00:00,65038.0,67859.0,64871.0,66792.0,210.6694785
2026-04-23 00:00:00+00:00,66800.0,67181.0,65981.0,66993.0,129.88698562
2026-04-24 00:00:00+00:00,66991.0,67224.0,65968.0,66101.0,81.12222873
2026-04-25 00:00:00+00:00,66093.0,66487.0,65906.0,66278.0,28.62371711
2026-04-26 00:00:00+00:00,66300.0,67424.0,66074.0,67202.0,68.68423397
2026-04-27 00:00:00+00:00,67222.0,67813.0,65250.0,66008.0,107.13927759
2026-04-28 00:00:00+00:00,65969.0,66090.0,64696.0,65152.0,81.43651013
2026-04-29 00:00:00+00:00,65130.0,66560.0,64196.0,64872.0,109.75541021
2026-04-30 00:00:00+00:00,64880.0,65545.0,64607.0,65059.0,69.90227476
2026-05-01 00:00:00+00:00,65068.0,67127.0,65068.0,66751.0,98.04998269
2026-05-02 00:00:00+00:00,66751.0,67511.0,66599.0,67113.0,96.76736393
2026-05-03 00:00:00+00:00,67114.0,67677.0,66611.0,66965.0,145.20131477
2026-05-04 00:00:00+00:00,66943.0,69038.0,66757.0,68300.0,220.29716441
2026-05-05 00:00:00+00:00,68284.0,69940.0,68269.0,69103.0,140.23906465
2026-05-06 00:00:00+00:00,69063.0,70290.0,68940.0,69333.0,152.22450153
2026-05-07 00:00:00+00:00,69313.0,69476.0,67666.0,68208.0,117.10091148
2026-05-08 00:00:00+00:00,68215.0,68447.0,67485.0,68055.0,84.61514432
2026-05-09 00:00:00+00:00,68056.0,68810.0,68003.0,68498.0,26.61864531
2026-05-10 00:00:00+00:00,68475.0,70081.0,68202.0,69798.0,107.60557849
2026-05-11 00:00:00+00:00,69864.0,69939.0,65958.0,69395.0,248.87565783
2026-05-12 00:00:00+00:00,69393.0,69439.0,68069.0,68573.0,116.51315436
2026-05-13 00:00:00+00:00,68594.0,69474.0,67228.0,67682.0,88.78368182
2026-05-14 00:00:00+00:00,67702.0,70236.0,67372.0,69512.0,111.94715733
2026-05-15 00:00:00+00:00,69512.0,70027.0,67648.0,68048.0,96.62758674
2026-05-16 00:00:00+00:00,68028.0,68140.0,66855.0,67257.0,60.28354255
2026-05-17 00:00:00+00:00,67261.0,67620.0,66066.0,66694.0,48.76629666
2026-05-18 00:00:00+00:00,66681.0,66709.0,65320.0,66023.0,159.91657965
2026-05-19 00:00:00+00:00,66029.0,66434.0,65603.0,66127.0,103.7882167
2026-05-20 00:00:00+00:00,66144.0,66963.0,65881.0,66659.16,108.50132469
2026-05-21 00:00:00+00:00,66662.0,67269.0,66230.0,66780.0,65.6898094
2026-05-22 00:00:00+00:00,66767.84,67000.0,64929.0,65067.43,78.65920687
2026-05-23 00:00:00+00:00,65053.99,66633.84,64000.0,66096.0,74.70237518
2026-05-24 00:00:00+00:00,66059.0,66698.45,65348.11,66131.96,80.9946215
2026-05-25 00:00:00+00:00,66149.99,66818.48,66021.1,66417.0,70.69071469
2026-05-26 00:00:00+00:00,66398.43,67100.0,64963.48,65164.12,123.38026338
2026-05-27 00:00:00+00:00,65170.0,65298.0,63778.0,64005.94,126.18477523
2026-05-28 00:00:00+00:00,63983.0,64077.91,62301.0,63117.71,149.83503462
2026-05-29 00:00:00+00:00,63102.5,63649.16,62183.34,62947.0,92.63736338
2026-05-30 00:00:00+00:00,62935.0,63500.81,62743.66,63265.52,39.23362761
2026-05-31 00:00:00+00:00,63291.01,63600.83,62894.0,63180.96,39.73008253
2026-06-01 00:00:00+00:00,63168.99,63516.85,60750.0,61306.99,188.32079309
2026-06-02 00:00:00+00:00,61288.49,61288.49,56900.0,57372.75,282.63571018
2026-06-03 00:00:00+00:00,57483.0,58066.94,55162.0,55169.38,543.33727982
2026-06-04 00:00:00+00:00,55199.0,55765.64,52872.0,54974.92,337.03997779
2026-06-05 00:00:00+00:00,54967.0,55025.02,51318.0,53020.37,535.58792666
2026-06-06 00:00:00+00:00,53021.0,53436.21,51713.0,52921.32,150.24331121
2026-06-07 00:00:00+00:00,52910.67,55794.0,52809.0,54933.98,343.45079166
2026-06-08 00:00:00+00:00,54971.0,55643.0,54139.66,54721.0,208.95215088
2026-06-09 00:00:00+00:00,54724.0,55003.41,52676.72,53482.41,237.85955721
2026-06-10 00:00:00+00:00,53492.05,54414.49,52564.9,53289.72,162.18075747
2026-06-11 00:00:00+00:00,53297.04,55177.0,53290.06,54914.0,149.88023004
2026-06-12 00:00:00+00:00,54886.56,55578.32,54258.82,54939.0,130.03158043
2026-06-13 00:00:00+00:00,54949.35,55999.0,54822.0,55750.23,82.57955687
2026-06-14 00:00:00+00:00,55724.82,56670.97,55083.17,56663.0,103.27039059
2026-06-15 00:00:00+00:00,56655.0,57987.8,56335.35,57197.55,173.02376701
2026-06-16 00:00:00+00:00,57174.97,57703.0,56373.08,56493.37,165.76806723
2026-06-17 00:00:00+00:00,56527.71,57271.84,55555.0,56000.97,198.25445034
2026-06-18 00:00:00+00:00,56021.0,56201.0,54222.0,54886.16,134.27831203
2026-06-19 00:00:00+00:00,54853.53,55446.31,54340.0,55363.96,127.55927826
2026-06-20 00:00:00+00:00,55359.0,56060.83,55074.82,56028.71,64.42337514
2026-06-21 00:00:00+00:00,56026.61,56267.01,55174.5,55176.01,82.39723981
2026-06-22 00:00:00+00:00,55179.07,57344.94,55179.07,56000.05,171.50024512
2026-06-23 00:00:00+00:00,55959.81,56189.57,54253.0,55062.43,216.41346934
2026-06-24 00:00:00+00:00,55057.0,55683.14,52025.0,53715.5,228.08209703
2026-06-25 00:00:00+00:00,53727.0,54493.37,51073.0,52577.0,230.88198486
2026-06-26 00:00:00+00:00,52565.54,53284.07,51192.82,52720.23,152.88871473
2026-06-27 00:00:00+00:00,52718.24,53399.58,52507.95,52656.47,42.56195036
2026-06-28 00:00:00+00:00,52657.0,53080.3,51673.64,52252.17,46.01755045
2026-06-29 00:00:00+00:00,52209.47,53206.39,51643.95,52702.86,149.5469243
2026-06-30 00:00:00+00:00,52661.27,52698.0,50005.0,51293.12,295.40100825
2026-07-01 00:00:00+00:00,51305.0,53851.21,50641.0,52704.88,145.57002451
2026-07-02 00:00:00+00:00,52691.4,54224.46,52332.86,53829.36,176.45516181
2026-07-03 00:00:00+00:00,53812.19,55000.0,53516.01,54683.08,126.54344888
2026-07-04 00:00:00+00:00,54693.0,55476.5,54469.19,55207.23,72.53248418
2026-07-05 00:00:00+00:00,55187.1,55917.0,54610.96,55608.0,68.11252977
2026-07-06 00:00:00+00:00,55608.64,56530.17,53644.61,55944.73,272.35883386
2026-07-07 00:00:00+00:00,55966.0,56202.1,54805.46,55540.76,280.10144457
2026-07-08 00:00:00+00:00,55547.79,55838.07,53950.27,54521.35,256.74339894
2026-07-09 00:00:00+00:00,54518.28,55472.77,53972.14,55285.47,205.99957905
2026-07-10 00:00:00+00:00,55286.7,56603.62,55010.37,56185.89,148.3002505
2026-07-11 00:00:00+00:00,56183.99,56485.69,55909.31,55953.39,68.63114335
2026-07-12 00:00:00+00:00,55901.57,56313.49,55753.01,55917.53,44.43560406
2026-07-13 00:00:00+00:00,55899.44,56478.0,54230.33,54696.28,156.86846988
2026-07-14 00:00:00+00:00,54698.74,56931.75,54656.0,56884.08,161.84095341
2026-07-15 00:00:00+00:00,56891.19,57335.0,56347.54,56454.01,149.96594129
2026-07-16 00:00:00+00:00,56426.62,56682.51,55664.0,55748.64,121.88599731
2026-07-17 00:00:00+00:00,55736.38,56263.28,54666.0,55897.19,140.41881094
2026-07-18 00:00:00+00:00,55890.36,56680.99,55842.86,56667.02,88.18171756
2026-07-19 00:00:00+00:00,56670.0,56761.97,56192.16,56579.0,75.02056423
2026-07-20 00:00:00+00:00,56581.01,57582.04,55713.52,57118.61,144.92326475
2026-07-21 00:00:00+00:00,57057.17,58631.16,57043.98,58339.56,117.71507907
2026-07-22 00:00:00+00:00,58327.04,58482.26,57404.38,57905.06,76.18087636
2026-07-23 00:00:00+00:00,57908.91,58073.54,56827.26,57182.61,130.81783195
2026-07-24 00:00:00+00:00,57187.36,57729.25,55980.0,56385.2,97.57223806
2026-07-25 00:00:00+00:00,56375.01,56660.2,56079.75,56591.15,53.00226042
2026-07-26 00:00:00+00:00,56581.9,57509.97,56518.98,57345.04,123.62699217
2026-07-27 00:00:00+00:00,57337.08,57672.22,55918.98,56046.0,109.73816758
2026-07-28 00:00:00+00:00,56065.94,56185.35,55131.43,56091.1,108.68913599
2026-07-29 00:00:00+00:00,56103.02,56755.37,55160.0,55750.62,127.97037884
2026-07-30 00:00:00+00:00,55756.42,56615.0,55455.0,56176.53,107.83448866
2026-07-31 00:00:00+00:00,56197.52,56749.99,54255.01,54511.46,134.01496027
2026-08-01 00:00:00+00:00,54511.46,54744.91,54022.0,54489.27,104.0052945
2026-08-02 00:00:00+00:00,54487.02,55172.0,54478.03,55028.39,74.30742285
2026-08-03 00:00:00+00:00,55024.72,55633.33,54000.01,55131.69,101.74885458
2026-08-04 00:00:00+00:00,55132.18,55928.0,54975.65,55560.21,102.73381068
2026-08-05 00:00:00+00:00,55541.97,56250.0,55276.94,55904.01,90.23452614
2026-08-06 00:00:00+00:00,55903.09,56293.71,55564.22,55774.93,71.87360443
2026-08-07 00:00:00+00:00,55777.65,56574.92,55646.35,56153.87,106.28744178
2026-08-08 00:00:00+00:00,56156.4,56387.52,56073.0,56195.0,35.56336773
2026-08-09 00:00:00+00:00,56192.01,56607.97,56000.01,56101.0,82.38822536
2026-08-10 00:00:00+00:00,56105.86,56515.97,55227.0,55363.84,66.541629
2026-08-11 00:00:00+00:00,55353.01,55850.01,54291.6,55060.38,142.91532933
2026-08-12 00:00:00+00:00,55029.0,55780.53,54815.88,55009.0,73.49708268
2026-08-13 00:00:00+00:00,55011.0,55466.76,54477.55,54999.71,72.85386666
2026-08-14 00:00:00+00:00,55000.0,55109.0,53962.0,54453.95,165.41714842
2026-08-15 00:00:00+00:00,54459.0,54579.28,54362.0,54523.94,28.65964685
2026-08-16 00:00:00+00:00,54508.01,54757.0,54160.55,54292.09,19.17755697
2026-08-17 00:00:00+00:00,54295.25,55753.0,54152.01,55677.04,72.88463374
2026-08-18 00:00:00+00:00,55693.71,56107.0,55258.92,55880.99,50.94794622
2026-08-19 00:00:00+00:00,55887.99,59950.35,55326.0,59343.0,197.59984298
2026-08-20 00:00:00+00:00,59318.0,62785.36,58966.0,62468.8,258.97851592
2026-08-21 00:00:00+00:00,62492.0,67909.81,62492.0,66982.3,371.89945329
2026-08-22 00:00:00+00:00,66972.95,67361.18,65001.0,65816.01,117.59694601
2026-08-23 00:00:00+00:00,65792.15,66782.86,64500.0,66502.81,87.79258355
2026-08-24 00:00:00+00:00,66500.69,68538.96,65610.0,67674.43,180.12437719
2026-08-25 00:00:00+00:00,67657.26,69631.0,66666.0,67261.0,162.74945487
2026-08-26 00:00:00+00:00,67270.71,67930.0,66650.0,67795.68,120.11617884
2026-08-27 00:00:00+00:00,67755.0,69392.77,67428.23,68891.63,200.89802967
2026-08-28 00:00:00+00:00,68910.53,69875.0,66350.99,67187.2,258.44876993
2026-08-29 00:00:00+00:00,67156.88,67669.8,66791.8,67599.13,47.74696399
2026-08-30 00:00:00+00:00,67580.09,68557.86,66454.79,67061.25,85.26164993
2026-08-31 00:00:00+00:00,67000.18,68223.0,66776.0,67623.84,138.77638008
2026-09-01 00:00:00+00:00,67623.84,68217.37,65909.52,66788.44,120.82781139
2026-09-02 00:00:00+00:00,66792.88,67156.0,65908.15,66748.18,107.69534955
2026-09-03 00:00:00+00:00,66731.01,70745.36,66401.0,69875.89,209.1420918
2026-09-04 00:00:00+00:00,69861.35,70044.15,67725.0,68643.38,135.47235746
2026-09-05 00:00:00+00:00,68640.39,69109.0,68441.76,68779.56,51.17479905
2026-09-06 00:00:00+00:00,68786.87,68958.06,68786.87,68847.47,3.13845763
